pct_valid,avg_cost,t,μ,γ,k,λ
1.0,0.5348830065296183,1,0.01,0.5,1,0.0
1.0,0.5103941566508686,2,0.01,0.5,1,0.0
1.0,0.6888162484306883,3,0.01,0.5,1,0.0
1.0,0.7507285371801499,4,0.01,0.5,1,0.0
1.0,0.7019610623817902,5,0.01,0.5,1,0.0
1.0,0.6893534985452914,6,0.01,0.5,1,0.0
0.9,0.6806384003638847,7,0.01,0.5,1,0.0
0.9565217391304348,0.6901920419571506,8,0.01,0.5,1,0.0
1.0,0.6665247549010548,9,0.01,0.5,1,0.0
1.0,0.6500055744234732,10,0.01,0.5,1,0.0
1.0,0.6372194062692118,1,0.1,0.5,1,0.0
1.0,0.6139999829985714,2,0.1,0.5,1,0.0
0.9848484848484849,0.6249151018060181,3,0.1,0.5,1,0.0
0.9882352941176471,0.6458430653090486,4,0.1,0.5,1,0.0
0.9903846153846154,0.6643757612172955,5,0.1,0.5,1,0.0
0.9915966386554622,0.6614394283271948,6,0.1,0.5,1,0.0
0.9923664122137404,0.669245761914065,7,0.1,0.5,1,0.0
0.9930555555555556,0.6845181852043986,8,0.1,0.5,1,0.0
0.9933774834437086,0.6884401697022695,9,0.1,0.5,1,0.0
0.9937106918238994,0.6838539747191967,10,0.1,0.5,1,0.0
1.0,0.6649903279205267,1,0.25,0.5,1,0.0
1.0,0.6650959030607412,2,0.25,0.5,1,0.0
1.0,0.6667089523577254,3,0.25,0.5,1,0.0
1.0,0.6557810630805174,4,0.25,0.5,1,0.0
1.0,0.6618273020356633,5,0.25,0.5,1,0.0
1.0,0.6772763938268457,6,0.25,0.5,1,0.0
1.0,0.6878107625205704,7,0.25,0.5,1,0.0
1.0,0.6948148393571715,8,0.25,0.5,1,0.0
1.0,0.6959795326969433,9,0.25,0.5,1,0.0
1.0,0.6947051120399921,10,0.25,0.5,1,0.0
1.0,0.79351368416467,1,0.01,0.75,1,0.0
1.0,0.6218373380897202,2,0.01,0.75,1,0.0
1.0,0.8174505987289109,3,0.01,0.75,1,0.0
1.0,0.8105497681636346,4,0.01,0.75,1,0.0
1.0,0.7627786558843646,5,0.01,0.75,1,0.0
1.0,0.7155906079000469,6,0.01,0.75,1,0.0
1.0,0.7505915935737443,7,0.01,0.75,1,0.0
1.0,0.7418120051837895,8,0.01,0.75,1,0.0
1.0,0.7483404551386336,9,0.01,0.75,1,0.0
1.0,0.7202765488043447,10,0.01,0.75,1,0.0
1.0,0.7178991866576578,1,0.1,0.75,1,0.0
1.0,0.6981459758820943,2,0.1,0.75,1,0.0
1.0,0.6812230343936774,3,0.1,0.75,1,0.0
1.0,0.6753377963814342,4,0.1,0.75,1,0.0
1.0,0.6721558680298014,5,0.1,0.75,1,0.0
1.0,0.6798635604303979,6,0.1,0.75,1,0.0
1.0,0.6768704397663889,7,0.1,0.75,1,0.0
1.0,0.6780937386598157,8,0.1,0.75,1,0.0
1.0,0.6844380089733554,9,0.1,0.75,1,0.0
1.0,0.6811386238149308,10,0.1,0.75,1,0.0
0.9682539682539683,0.7639521935945103,1,0.25,0.75,1,0.0
0.9818181818181818,0.7348162533409094,2,0.25,0.75,1,0.0
0.9863013698630136,0.7341249043100494,3,0.25,0.75,1,0.0
0.9885057471264368,0.7267650975779549,4,0.25,0.75,1,0.0
0.9896907216494846,0.7272069987223196,5,0.25,0.75,1,0.0
0.9902912621359223,0.7200259294477535,6,0.25,0.75,1,0.0
0.9908256880733946,0.7108189834213862,7,0.25,0.75,1,0.0
0.9954954954954955,0.7149168218381328,8,0.25,0.75,1,0.0
1.0,0.7238936387153766,9,0.25,0.75,1,0.0
1.0,0.722596048298656,10,0.25,0.75,1,0.0
1.0,0.6400529611947813,1,0.01,0.9,1,0.0
1.0,0.6611202152662025,2,0.01,0.9,1,0.0
1.0,0.6918307041240886,3,0.01,0.9,1,0.0
1.0,0.746818459034637,4,0.01,0.9,1,0.0
1.0,0.6948013925509783,5,0.01,0.9,1,0.0
1.0,0.6828384942839785,6,0.01,0.9,1,0.0
1.0,0.7478432582695733,7,0.01,0.9,1,0.0
1.0,0.7064728849955529,8,0.01,0.9,1,0.0
1.0,0.7051071913739239,9,0.01,0.9,1,0.0
1.0,0.6823313569375078,10,0.01,0.9,1,0.0
1.0,0.6369532097608481,1,0.1,0.9,1,0.0
1.0,0.7023088574012594,2,0.1,0.9,1,0.0
1.0,0.6934648065667126,3,0.1,0.9,1,0.0
1.0,0.7021389846724374,4,0.1,0.9,1,0.0
0.9902912621359223,0.7037417898847844,5,0.1,0.9,1,0.0
0.9915254237288136,0.6887082867424897,6,0.1,0.9,1,0.0
0.9921875,0.6837938052423469,7,0.1,0.9,1,0.0
0.9931506849315068,0.6922276979287182,8,0.1,0.9,1,0.0
0.9935897435897436,0.6921628474402515,9,0.1,0.9,1,0.0
0.9939024390243902,0.7012165266068435,10,0.1,0.9,1,0.0
1.0,0.6926491129553506,1,0.25,0.9,1,0.0
1.0,0.6805872743200059,2,0.25,0.9,1,0.0
1.0,0.6694707297053211,3,0.25,0.9,1,0.0
1.0,0.6696137844373997,4,0.25,0.9,1,0.0
1.0,0.6733114885863914,5,0.25,0.9,1,0.0
0.9952153110047847,0.6758017710515559,6,0.25,0.9,1,0.0
1.0,0.6817344202716312,7,0.25,0.9,1,0.0
1.0,0.6865002844075638,8,0.25,0.9,1,0.0
1.0,0.6860824823746384,9,0.25,0.9,1,0.0
1.0,0.6895468742660439,10,0.25,0.9,1,0.0
1.0,0.7972154719202632,1,0.01,0.5,2,0.0
1.0,0.8122702080280947,2,0.01,0.5,2,0.0
1.0,0.826522023210179,3,0.01,0.5,2,0.0
1.0,0.7850627704399572,4,0.01,0.5,2,0.0
1.0,0.7355285869769648,5,0.01,0.5,2,0.0
1.0,0.7077047027521622,6,0.01,0.5,2,0.0
1.0,0.7207114083422602,7,0.01,0.5,2,0.0
1.0,0.6912670970617797,8,0.01,0.5,2,0.0
1.0,0.6895275498209714,9,0.01,0.5,2,0.0
1.0,0.7048815582109881,10,0.01,0.5,2,0.0
1.0,0.5647224445061316,1,0.1,0.5,2,0.0
1.0,0.6416095845925965,2,0.1,0.5,2,0.0
0.9848484848484849,0.6127271448687988,3,0.1,0.5,2,0.0
0.9878048780487805,0.6539505183416319,4,0.1,0.5,2,0.0
0.9896907216494846,0.6737075845541735,5,0.1,0.5,2,0.0
0.9826086956521739,0.6635116186675086,6,0.1,0.5,2,0.0
0.9841269841269841,0.6594905968489255,7,0.1,0.5,2,0.0
0.9856115107913669,0.6530474498697638,8,0.1,0.5,2,0.0
0.9868421052631579,0.6715200593839531,9,0.1,0.5,2,0.0
0.9876543209876543,0.6762524177115432,10,0.1,0.5,2,0.0
1.0,0.7005814369181983,1,0.25,0.5,2,0.0
1.0,0.7068222593985712,2,0.25,0.5,2,0.0
0.9929577464788732,0.698145740898443,3,0.25,0.5,2,0.0
1.0,0.6863941456553562,4,0.25,0.5,2,0.0
1.0,0.6772858130026651,5,0.25,0.5,2,0.0
1.0,0.69083355841396,6,0.25,0.5,2,0.0
1.0,0.6809936107015432,7,0.25,0.5,2,0.0
1.0,0.6786148426133172,8,0.25,0.5,2,0.0
1.0,0.6834573063480256,9,0.25,0.5,2,0.0
1.0,0.6831164497499225,10,0.25,0.5,2,0.0
1.0,0.7413389107623023,1,0.01,0.75,2,0.0
1.0,0.6729754713918117,2,0.01,0.75,2,0.0
1.0,0.834077193437751,3,0.01,0.75,2,0.0
1.0,0.8218830328456287,4,0.01,0.75,2,0.0
1.0,0.7672674450852923,5,0.01,0.75,2,0.0
1.0,0.7727301607293421,6,0.01,0.75,2,0.0
1.0,0.757089436355946,7,0.01,0.75,2,0.0
1.0,0.732248313647651,8,0.01,0.75,2,0.0
1.0,0.7109589034316535,9,0.01,0.75,2,0.0
1.0,0.7283513190685997,10,0.01,0.75,2,0.0
0.96,0.6401667954987219,1,0.1,0.75,2,0.0
0.9787234042553191,0.632129946041726,2,0.1,0.75,2,0.0
0.9852941176470589,0.659096919866065,3,0.1,0.75,2,0.0
1.0,0.665048717005343,4,0.1,0.75,2,0.0
1.0,0.6868368514228526,5,0.1,0.75,2,0.0
1.0,0.6847864916090048,6,0.1,0.75,2,0.0
1.0,0.6772597776386003,7,0.1,0.75,2,0.0
1.0,0.6821959160657257,8,0.1,0.75,2,0.0
1.0,0.6905100533337624,9,0.1,0.75,2,0.0
0.9939024390243902,0.6906337640670439,10,0.1,0.75,2,0.0
1.0,0.6696589707612368,1,0.25,0.75,2,0.0
0.9743589743589743,0.6696633399502638,2,0.25,0.75,2,0.0
0.98,0.6625211515629715,3,0.25,0.75,2,0.0
0.9830508474576272,0.6596385055799031,4,0.25,0.75,2,0.0
0.9842105263157894,0.6697648037477135,5,0.25,0.75,2,0.0
0.9901960784313726,0.6782660886328586,6,0.25,0.75,2,0.0
0.9906542056074766,0.6821863299421541,7,0.25,0.75,2,0.0
0.995575221238938,0.6856881693329742,8,0.25,0.75,2,0.0
0.9957081545064378,0.6852337829304251,9,0.25,0.75,2,0.0
0.9958333333333333,0.6863360508588988,10,0.25,0.75,2,0.0
1.0,0.5849717265721509,1,0.01,0.9,2,0.0
1.0,0.6040667027537443,2,0.01,0.9,2,0.0
1.0,0.7705343944227225,3,0.01,0.9,2,0.0
1.0,0.704775029301442,4,0.01,0.9,2,0.0
1.0,0.7661596975608357,5,0.01,0.9,2,0.0
1.0,0.7457874643591598,6,0.01,0.9,2,0.0
1.0,0.7147129333739968,7,0.01,0.9,2,0.0
1.0,0.687477895439691,8,0.01,0.9,2,0.0
1.0,0.6668792411176864,9,0.01,0.9,2,0.0
1.0,0.6788293477877576,10,0.01,0.9,2,0.0
1.0,0.7083898363480176,1,0.1,0.9,2,0.0
1.0,0.7231682630335159,2,0.1,0.9,2,0.0
0.9850746268656716,0.7503782436962401,3,0.1,0.9,2,0.0
0.9879518072289156,0.7441973826716125,4,0.1,0.9,2,0.0
0.9900990099009901,0.7358413623156712,5,0.1,0.9,2,0.0
0.9912280701754386,0.7281640404836347,6,0.1,0.9,2,0.0
0.9923664122137404,0.7251119876210269,7,0.1,0.9,2,0.0
0.993006993006993,0.7340272937121245,8,0.1,0.9,2,0.0
0.9935483870967742,0.7260700697283593,9,0.1,0.9,2,0.0
0.9939024390243902,0.7144519963550615,10,0.1,0.9,2,0.0
0.9841269841269841,0.7041808677727497,1,0.25,0.9,2,0.0
1.0,0.6959831031089093,2,0.25,0.9,2,0.0
1.0,0.6953571990991587,3,0.25,0.9,2,0.0
1.0,0.689756896131345,4,0.25,0.9,2,0.0
1.0,0.7018172577726076,5,0.25,0.9,2,0.0
1.0,0.7105297183548682,6,0.25,0.9,2,0.0
1.0,0.7212437309966371,7,0.25,0.9,2,0.0
1.0,0.7210524014464792,8,0.25,0.9,2,0.0
1.0,0.7221990163035528,9,0.25,0.9,2,0.0
1.0,0.7270962346948564,10,0.25,0.9,2,0.0
1.0,0.54849313527691,1,0.01,0.5,3,0.0
1.0,0.5856904311368573,2,0.01,0.5,3,0.0
1.0,0.5893151538748389,3,0.01,0.5,3,0.0
1.0,0.5824526361654578,4,0.01,0.5,3,0.0
1.0,0.6238214362270242,5,0.01,0.5,3,0.0
0.9444444444444444,0.7108548198291756,6,0.01,0.5,3,0.0
0.9523809523809523,0.6980854579151533,7,0.01,0.5,3,0.0
0.9583333333333334,0.6951400982978024,8,0.01,0.5,3,0.0
0.9629629629629629,0.7152015792403122,9,0.01,0.5,3,0.0
0.9666666666666667,0.7423002276190562,10,0.01,0.5,3,0.0
1.0,0.7451644078738563,1,0.1,0.5,3,0.0
1.0,0.6833236436082825,2,0.1,0.5,3,0.0
1.0,0.6805434125631902,3,0.1,0.5,3,0.0
1.0,0.6867804978183756,4,0.1,0.5,3,0.0
1.0,0.6909825467764232,5,0.1,0.5,3,0.0
1.0,0.6996749484901275,6,0.1,0.5,3,0.0
1.0,0.7296792177043704,7,0.1,0.5,3,0.0
1.0,0.7218178224243841,8,0.1,0.5,3,0.0
1.0,0.7110789298334118,9,0.1,0.5,3,0.0
1.0,0.7064727126798299,10,0.1,0.5,3,0.0
1.0,0.6779199442347933,1,0.25,0.5,3,0.0
1.0,0.6722793334240333,2,0.25,0.5,3,0.0
1.0,0.6611485095601558,3,0.25,0.5,3,0.0
1.0,0.6668708673269365,4,0.25,0.5,3,0.0
1.0,0.6692575244370764,5,0.25,0.5,3,0.0
1.0,0.6773602489426078,6,0.25,0.5,3,0.0
1.0,0.6775671509519393,7,0.25,0.5,3,0.0
1.0,0.6875741442437234,8,0.25,0.5,3,0.0
1.0,0.6860535367725537,9,0.25,0.5,3,0.0
1.0,0.6890875341598811,10,0.25,0.5,3,0.0
1.0,0.7557394716782163,1,0.01,0.75,3,0.0
1.0,0.6932520091461751,2,0.01,0.75,3,0.0
1.0,0.5992230400830797,3,0.01,0.75,3,0.0
1.0,0.6653654842849074,4,0.01,0.75,3,0.0
1.0,0.6615617598263075,5,0.01,0.75,3,0.0
1.0,0.6474656249066897,6,0.01,0.75,3,0.0
1.0,0.6741531280163255,7,0.01,0.75,3,0.0
1.0,0.7054713643200319,8,0.01,0.75,3,0.0
1.0,0.6963171953017926,9,0.01,0.75,3,0.0
1.0,0.6703304214750816,10,0.01,0.75,3,0.0
1.0,0.6862232786144553,1,0.1,0.75,3,0.0
1.0,0.7361740310051148,2,0.1,0.75,3,0.0
1.0,0.7224119210802826,3,0.1,0.75,3,0.0
1.0,0.7106339896306496,4,0.1,0.75,3,0.0
1.0,0.700195529499544,5,0.1,0.75,3,0.0
1.0,0.6979952043965196,6,0.1,0.75,3,0.0
1.0,0.6910660428240543,7,0.1,0.75,3,0.0
1.0,0.7030618950305241,8,0.1,0.75,3,0.0
1.0,0.6898495727912504,9,0.1,0.75,3,0.0
1.0,0.6983847989275873,10,0.1,0.75,3,0.0
0.9841269841269841,0.670956275993184,1,0.25,0.75,3,0.0
0.9900990099009901,0.6847848390204292,2,0.25,0.75,3,0.0
0.9925925925925926,0.7029182038928349,3,0.25,0.75,3,0.0
1.0,0.7075892895316296,4,0.25,0.75,3,0.0
1.0,0.7163663616571714,5,0.25,0.75,3,0.0
1.0,0.7139703178936876,6,0.25,0.75,3,0.0
1.0,0.7122894007135252,7,0.25,0.75,3,0.0
1.0,0.7149324166350366,8,0.25,0.75,3,0.0
1.0,0.7110575064674969,9,0.25,0.75,3,0.0
1.0,0.7079911815677051,10,0.25,0.75,3,0.0
1.0,0.6497482682864478,1,0.01,0.9,3,0.0
1.0,0.8167954454235984,2,0.01,0.9,3,0.0
1.0,0.7885697375875053,3,0.01,0.9,3,0.0
1.0,0.7455803358082573,4,0.01,0.9,3,0.0
1.0,0.7048161720695625,5,0.01,0.9,3,0.0
1.0,0.6738950236082506,6,0.01,0.9,3,0.0
1.0,0.6785117051254235,7,0.01,0.9,3,0.0
1.0,0.7086419654506827,8,0.01,0.9,3,0.0
1.0,0.6971278404856054,9,0.01,0.9,3,0.0
1.0,0.7020071353525674,10,0.01,0.9,3,0.0
1.0,0.6507582428536203,1,0.1,0.9,3,0.0
1.0,0.6788561445715211,2,0.1,0.9,3,0.0
1.0,0.6767829645131052,3,0.1,0.9,3,0.0
1.0,0.7075014736366914,4,0.1,0.9,3,0.0
1.0,0.7132451194781634,5,0.1,0.9,3,0.0
1.0,0.7040769956991967,6,0.1,0.9,3,0.0
1.0,0.6902639715401985,7,0.1,0.9,3,0.0
1.0,0.6926531542607998,8,0.1,0.9,3,0.0
1.0,0.7069374030060995,9,0.1,0.9,3,0.0
1.0,0.704610506899111,10,0.1,0.9,3,0.0
1.0,0.6870010967004225,1,0.25,0.9,3,0.0
0.9908256880733946,0.7214871356002246,2,0.25,0.9,3,0.0
1.0,0.6948530983063874,3,0.25,0.9,3,0.0
1.0,0.7118851452310336,4,0.25,0.9,3,0.0
1.0,0.7124014300657169,5,0.25,0.9,3,0.0
1.0,0.723554663153957,6,0.25,0.9,3,0.0
1.0,0.7151385667325438,7,0.25,0.9,3,0.0
1.0,0.7148127176008214,8,0.25,0.9,3,0.0
1.0,0.7141578992245808,9,0.25,0.9,3,0.0
1.0,0.7162317855038138,10,0.25,0.9,3,0.0
1.0,0.665194235510973,1,0.01,0.5,4,0.0
1.0,0.5940623025200312,2,0.01,0.5,4,0.0
1.0,0.6201798265931818,3,0.01,0.5,4,0.0
1.0,0.5955113013803403,4,0.01,0.5,4,0.0
1.0,0.576012344249012,5,0.01,0.5,4,0.0
1.0,0.5917121896457171,6,0.01,0.5,4,0.0
1.0,0.5839064761455861,7,0.01,0.5,4,0.0
1.0,0.5903642562492492,8,0.01,0.5,4,0.0
1.0,0.6703287238535971,9,0.01,0.5,4,0.0
1.0,0.6686579885644813,10,0.01,0.5,4,0.0
1.0,0.64148931186831,1,0.1,0.5,4,0.0
1.0,0.7231653988625948,2,0.1,0.5,4,0.0
1.0,0.7326123537210876,3,0.1,0.5,4,0.0
1.0,0.7232529516263743,4,0.1,0.5,4,0.0
1.0,0.698605000104929,5,0.1,0.5,4,0.0
1.0,0.7031088837641811,6,0.1,0.5,4,0.0
1.0,0.7179550039959871,7,0.1,0.5,4,0.0
1.0,0.7020188960307884,8,0.1,0.5,4,0.0
1.0,0.6997962601099684,9,0.1,0.5,4,0.0
1.0,0.7059981454460668,10,0.1,0.5,4,0.0
1.0,0.6834267150420297,1,0.25,0.5,4,0.0
1.0,0.650823896389779,2,0.25,0.5,4,0.0
1.0,0.6421774772690414,3,0.25,0.5,4,0.0
1.0,0.667295028677994,4,0.25,0.5,4,0.0
1.0,0.6824433528599925,5,0.25,0.5,4,0.0
1.0,0.6923577338452594,6,0.25,0.5,4,0.0
1.0,0.695108860066839,7,0.25,0.5,4,0.0
1.0,0.7001892226920812,8,0.25,0.5,4,0.0
1.0,0.6997783465081334,9,0.25,0.5,4,0.0
1.0,0.6922424091185999,10,0.25,0.5,4,0.0
1.0,0.7323149978432466,1,0.01,0.75,4,0.0
1.0,0.7070564473396167,2,0.01,0.75,4,0.0
1.0,0.956805486186615,3,0.01,0.75,4,0.0
1.0,0.8565378706813348,4,0.01,0.75,4,0.0
1.0,0.8591370637690733,5,0.01,0.75,4,0.0
1.0,0.7972064525698299,6,0.01,0.75,4,0.0
1.0,0.7742628496760305,7,0.01,0.75,4,0.0
1.0,0.7616116678189081,8,0.01,0.75,4,0.0
1.0,0.7116783392716786,9,0.01,0.75,4,0.0
1.0,0.7044546814575577,10,0.01,0.75,4,0.0
1.0,0.7178858948157174,1,0.1,0.75,4,0.0
1.0,0.7212908932294789,2,0.1,0.75,4,0.0
1.0,0.7028644673759885,3,0.1,0.75,4,0.0
1.0,0.7101293832548028,4,0.1,0.75,4,0.0
1.0,0.7188754468557788,5,0.1,0.75,4,0.0
1.0,0.7162881056857667,6,0.1,0.75,4,0.0
1.0,0.7347095574760383,7,0.1,0.75,4,0.0
1.0,0.7188403463382738,8,0.1,0.75,4,0.0
1.0,0.7177952584050559,9,0.1,0.75,4,0.0
1.0,0.7111004164895928,10,0.1,0.75,4,0.0
1.0,0.6160037256719106,1,0.25,0.75,4,0.0
1.0,0.6276574960247865,2,0.25,0.75,4,0.0
1.0,0.6249733424647916,3,0.25,0.75,4,0.0
1.0,0.6317837556352969,4,0.25,0.75,4,0.0
1.0,0.6390552061936111,5,0.25,0.75,4,0.0
1.0,0.6426310566498349,6,0.25,0.75,4,0.0
1.0,0.6591525758341207,7,0.25,0.75,4,0.0
1.0,0.6565909049094977,8,0.25,0.75,4,0.0
1.0,0.657726511062095,9,0.25,0.75,4,0.0
1.0,0.6585132807093531,10,0.25,0.75,4,0.0
1.0,0.48074428996783636,1,0.01,0.9,4,0.0
1.0,0.7672792597968238,2,0.01,0.9,4,0.0
1.0,0.6867638163282072,3,0.01,0.9,4,0.0
1.0,0.5710214250141684,4,0.01,0.9,4,0.0
1.0,0.5835951845835968,5,0.01,0.9,4,0.0
1.0,0.5667740449740969,6,0.01,0.9,4,0.0
1.0,0.5906117012533145,7,0.01,0.9,4,0.0
1.0,0.5859417495278738,8,0.01,0.9,4,0.0
1.0,0.616490247154726,9,0.01,0.9,4,0.0
1.0,0.6375247786651806,10,0.01,0.9,4,0.0
1.0,0.7001543409131497,1,0.1,0.9,4,0.0
0.9795918367346939,0.6937601884154013,2,0.1,0.9,4,0.0
0.9857142857142858,0.6845005084112669,3,0.1,0.9,4,0.0
0.9883720930232558,0.6927036944616541,4,0.1,0.9,4,0.0
0.98989898989899,0.694813634427605,5,0.1,0.9,4,0.0
0.9913793103448276,0.6950694415180019,6,0.1,0.9,4,0.0
0.9924812030075187,0.7173393982629624,7,0.1,0.9,4,0.0
0.9931972789115646,0.7037763481497396,8,0.1,0.9,4,0.0
0.9935897435897436,0.709553539472727,9,0.1,0.9,4,0.0
0.9937106918238994,0.7084488804109349,10,0.1,0.9,4,0.0
1.0,0.6685865728775521,1,0.25,0.9,4,0.0
1.0,0.7016057936694902,2,0.25,0.9,4,0.0
1.0,0.7023425333245106,3,0.25,0.9,4,0.0
1.0,0.7044144658539909,4,0.25,0.9,4,0.0
1.0,0.7057474428001741,5,0.25,0.9,4,0.0
1.0,0.7184587210016626,6,0.25,0.9,4,0.0
1.0,0.7180695855882753,7,0.25,0.9,4,0.0
1.0,0.7150483552215046,8,0.25,0.9,4,0.0
1.0,0.7157344194527248,9,0.25,0.9,4,0.0
1.0,0.721720352219683,10,0.25,0.9,4,0.0
1.0,0.6902533833883704,1,0.01,0.5,5,0.0
1.0,0.6391468213843553,2,0.01,0.5,5,0.0
1.0,0.6437425755090156,3,0.01,0.5,5,0.0
1.0,0.6198928643458193,4,0.01,0.5,5,0.0
1.0,0.6229425677493727,5,0.01,0.5,5,0.0
1.0,0.6147841489655738,6,0.01,0.5,5,0.0
1.0,0.5892791207801938,7,0.01,0.5,5,0.0
1.0,0.6627691885262857,8,0.01,0.5,5,0.0
1.0,0.6464292518803465,9,0.01,0.5,5,0.0
1.0,0.6783987707211105,10,0.01,0.5,5,0.0
1.0,0.6772965100065055,1,0.1,0.5,5,0.0
1.0,0.7029673488501389,2,0.1,0.5,5,0.0
1.0,0.7247639567544044,3,0.1,0.5,5,0.0
1.0,0.7415885736396306,4,0.1,0.5,5,0.0
1.0,0.7127437615520068,5,0.1,0.5,5,0.0
1.0,0.7275002168297698,6,0.1,0.5,5,0.0
1.0,0.7290817419513552,7,0.1,0.5,5,0.0
1.0,0.7284215792940342,8,0.1,0.5,5,0.0
1.0,0.7226091272134553,9,0.1,0.5,5,0.0
1.0,0.7079305900799839,10,0.1,0.5,5,0.0
1.0,0.645679722113506,1,0.25,0.5,5,0.0
1.0,0.6715183134689104,2,0.25,0.5,5,0.0
1.0,0.6961596179398306,3,0.25,0.5,5,0.0
1.0,0.7043462980937061,4,0.25,0.5,5,0.0
1.0,0.6920962515020951,5,0.25,0.5,5,0.0
1.0,0.6968845061512092,6,0.25,0.5,5,0.0
1.0,0.6977588684687609,7,0.25,0.5,5,0.0
1.0,0.7019716071900053,8,0.25,0.5,5,0.0
1.0,0.6998264615366486,9,0.25,0.5,5,0.0
1.0,0.7026818606817413,10,0.25,0.5,5,0.0
1.0,0.7479517648616303,1,0.01,0.75,5,0.0
1.0,0.6827287165150805,2,0.01,0.75,5,0.0
1.0,0.770523579962495,3,0.01,0.75,5,0.0
1.0,0.7979919259759433,4,0.01,0.75,5,0.0
1.0,0.7819992489772519,5,0.01,0.75,5,0.0
1.0,0.7747801456314076,6,0.01,0.75,5,0.0
1.0,0.7582643256605616,7,0.01,0.75,5,0.0
1.0,0.72153729092096,8,0.01,0.75,5,0.0
1.0,0.7059149849867788,9,0.01,0.75,5,0.0
1.0,0.6844990274743231,10,0.01,0.75,5,0.0
1.0,0.7670143579457724,1,0.1,0.75,5,0.0
1.0,0.7865185501867823,2,0.1,0.75,5,0.0
1.0,0.7271257636775105,3,0.1,0.75,5,0.0
1.0,0.7124250909773603,4,0.1,0.75,5,0.0
1.0,0.7091134941429251,5,0.1,0.75,5,0.0
1.0,0.69477683898764,6,0.1,0.75,5,0.0
1.0,0.6968005565333496,7,0.1,0.75,5,0.0
1.0,0.7038358848588159,8,0.1,0.75,5,0.0
1.0,0.7079579213545576,9,0.1,0.75,5,0.0
1.0,0.7021965878647592,10,0.1,0.75,5,0.0
1.0,0.736806276587307,1,0.25,0.75,5,0.0
1.0,0.7253027611994667,2,0.25,0.75,5,0.0
0.9932885906040269,0.7288995458281273,3,0.25,0.75,5,0.0
1.0,0.6955069862988753,4,0.25,0.75,5,0.0
1.0,0.7092000606176184,5,0.25,0.75,5,0.0
1.0,0.7100450635948365,6,0.25,0.75,5,0.0
1.0,0.7048996941968736,7,0.25,0.75,5,0.0
1.0,0.7005861841637571,8,0.25,0.75,5,0.0
1.0,0.704236516803482,9,0.25,0.75,5,0.0
1.0,0.704864832270538,10,0.25,0.75,5,0.0
1.0,0.8403093276447393,1,0.01,0.9,5,0.0
1.0,0.6819831283465142,2,0.01,0.9,5,0.0
1.0,0.5665933478817505,3,0.01,0.9,5,0.0
1.0,0.6319084559111597,4,0.01,0.9,5,0.0
1.0,0.623348341501421,5,0.01,0.9,5,0.0
1.0,0.6113989256821325,6,0.01,0.9,5,0.0
1.0,0.6217602735052756,7,0.01,0.9,5,0.0
1.0,0.6563444025068866,8,0.01,0.9,5,0.0
1.0,0.6682058124563593,9,0.01,0.9,5,0.0
1.0,0.6546706497070762,10,0.01,0.9,5,0.0
1.0,0.7253385609518367,1,0.1,0.9,5,0.0
1.0,0.7080998800491268,2,0.1,0.9,5,0.0
1.0,0.7344964967748376,3,0.1,0.9,5,0.0
1.0,0.7110969472426898,4,0.1,0.9,5,0.0
1.0,0.7115886412790726,5,0.1,0.9,5,0.0
1.0,0.6979150390267875,6,0.1,0.9,5,0.0
1.0,0.69543168513475,7,0.1,0.9,5,0.0
1.0,0.6970062659874283,8,0.1,0.9,5,0.0
1.0,0.6929992243136491,9,0.1,0.9,5,0.0
1.0,0.7002507162235091,10,0.1,0.9,5,0.0
1.0,0.6826971166149105,1,0.25,0.9,5,0.0
1.0,0.704471593301201,2,0.25,0.9,5,0.0
1.0,0.7136016725515476,3,0.25,0.9,5,0.0
1.0,0.7010958213335491,4,0.25,0.9,5,0.0
1.0,0.70362363231302,5,0.25,0.9,5,0.0
1.0,0.7004098413445409,6,0.25,0.9,5,0.0
1.0,0.7009604521564301,7,0.25,0.9,5,0.0
1.0,0.7073371314685836,8,0.25,0.9,5,0.0
1.0,0.7028898455356056,9,0.25,0.9,5,0.0
1.0,0.6985982266772952,10,0.25,0.9,5,0.0
1.0,0.4149386325940219,1,0.01,0.5,1,0.1
1.0,0.5033297599949779,2,0.01,0.5,1,0.1
1.0,0.5183712053999046,3,0.01,0.5,1,0.1
1.0,0.6845360779101729,4,0.01,0.5,1,0.1
1.0,0.7207011446801896,5,0.01,0.5,1,0.1
1.0,0.6862142399838018,6,0.01,0.5,1,0.1
1.0,0.6936825541058863,7,0.01,0.5,1,0.1
1.0,0.6656032185871836,8,0.01,0.5,1,0.1
1.0,0.6560698389863605,9,0.01,0.5,1,0.1
1.0,0.6488076668050049,10,0.01,0.5,1,0.1
1.0,0.74859361523051,1,0.1,0.5,1,0.1
1.0,0.7016092076538591,2,0.1,0.5,1,0.1
1.0,0.7178112326405531,3,0.1,0.5,1,0.1
1.0,0.7652621248276614,4,0.1,0.5,1,0.1
1.0,0.7463926510803947,5,0.1,0.5,1,0.1
1.0,0.7287780928941542,6,0.1,0.5,1,0.1
1.0,0.7296323407159183,7,0.1,0.5,1,0.1
1.0,0.7137882202282934,8,0.1,0.5,1,0.1
1.0,0.7063773258964773,9,0.1,0.5,1,0.1
1.0,0.7057494826804505,10,0.1,0.5,1,0.1
1.0,0.7110603396378302,1,0.25,0.5,1,0.1
1.0,0.6954730962291815,2,0.25,0.5,1,0.1
1.0,0.7112225425822434,3,0.25,0.5,1,0.1
1.0,0.7135980847058917,4,0.25,0.5,1,0.1
1.0,0.7078183477140951,5,0.25,0.5,1,0.1
1.0,0.7184688416699953,6,0.25,0.5,1,0.1
1.0,0.7254909120613892,7,0.25,0.5,1,0.1
1.0,0.7212272112633302,8,0.25,0.5,1,0.1
1.0,0.7181397658862348,9,0.25,0.5,1,0.1
1.0,0.7231108157726467,10,0.25,0.5,1,0.1
1.0,1.1309976494130871,1,0.01,0.75,1,0.1
1.0,1.002055900496498,2,0.01,0.75,1,0.1
1.0,0.8452320811540411,3,0.01,0.75,1,0.1
1.0,0.8614893244409154,4,0.01,0.75,1,0.1
1.0,0.8131422529626667,5,0.01,0.75,1,0.1
1.0,0.8014509134514963,6,0.01,0.75,1,0.1
1.0,0.7658277632945529,7,0.01,0.75,1,0.1
1.0,0.745430623241124,8,0.01,0.75,1,0.1
1.0,0.7196723926828177,9,0.01,0.75,1,0.1
1.0,0.7061535922275264,10,0.01,0.75,1,0.1
1.0,0.7125575787500824,1,0.1,0.75,1,0.1
1.0,0.6778773774423025,2,0.1,0.75,1,0.1
1.0,0.6435548645309289,3,0.1,0.75,1,0.1
1.0,0.6532687221578178,4,0.1,0.75,1,0.1
1.0,0.6630663482626827,5,0.1,0.75,1,0.1
1.0,0.6744787335010913,6,0.1,0.75,1,0.1
1.0,0.6811346953840702,7,0.1,0.75,1,0.1
1.0,0.6876476094815648,8,0.1,0.75,1,0.1
1.0,0.6909452549383872,9,0.1,0.75,1,0.1
1.0,0.6873827463194144,10,0.1,0.75,1,0.1
1.0,0.6798678285496981,1,0.25,0.75,1,0.1
1.0,0.6854694659762949,2,0.25,0.75,1,0.1
1.0,0.6911148719369203,3,0.25,0.75,1,0.1
1.0,0.7210354373072325,4,0.25,0.75,1,0.1
1.0,0.7172010857827661,5,0.25,0.75,1,0.1
1.0,0.7079064325278981,6,0.25,0.75,1,0.1
1.0,0.703501620708083,7,0.25,0.75,1,0.1
1.0,0.7049322808207537,8,0.25,0.75,1,0.1
1.0,0.7028886621119325,9,0.25,0.75,1,0.1
1.0,0.7035039689755307,10,0.25,0.75,1,0.1
1.0,0.6924752963504858,1,0.01,0.9,1,0.1
1.0,0.6757249423931454,2,0.01,0.9,1,0.1
1.0,0.7318328097015502,3,0.01,0.9,1,0.1
1.0,0.7380621314039115,4,0.01,0.9,1,0.1
1.0,0.7474784618120672,5,0.01,0.9,1,0.1
1.0,0.725160801551001,6,0.01,0.9,1,0.1
1.0,0.6989936061575281,7,0.01,0.9,1,0.1
1.0,0.7035095756624019,8,0.01,0.9,1,0.1
1.0,0.7367959146741087,9,0.01,0.9,1,0.1
1.0,0.7412975089523706,10,0.01,0.9,1,0.1
1.0,0.6508243777785458,1,0.1,0.9,1,0.1
1.0,0.7118001309428194,2,0.1,0.9,1,0.1
1.0,0.7261387725550273,3,0.1,0.9,1,0.1
1.0,0.7385894587851166,4,0.1,0.9,1,0.1
1.0,0.7342937430823026,5,0.1,0.9,1,0.1
1.0,0.7339093004074692,6,0.1,0.9,1,0.1
1.0,0.7261226878126668,7,0.1,0.9,1,0.1
1.0,0.7264773276162522,8,0.1,0.9,1,0.1
1.0,0.7153816251876396,9,0.1,0.9,1,0.1
1.0,0.7215013658051239,10,0.1,0.9,1,0.1
1.0,0.6608086039781587,1,0.25,0.9,1,0.1
1.0,0.6521186863554946,2,0.25,0.9,1,0.1
1.0,0.6840426571912489,3,0.25,0.9,1,0.1
1.0,0.6658193126535953,4,0.25,0.9,1,0.1
1.0,0.6925073547117108,5,0.25,0.9,1,0.1
1.0,0.6867906646202826,6,0.25,0.9,1,0.1
1.0,0.6881100413295216,7,0.25,0.9,1,0.1
1.0,0.6973456149795563,8,0.25,0.9,1,0.1
1.0,0.6989406280703122,9,0.25,0.9,1,0.1
1.0,0.6965000555471982,10,0.25,0.9,1,0.1
1.0,0.526100751745532,1,0.01,0.5,2,0.1
1.0,0.576017758121555,2,0.01,0.5,2,0.1
1.0,0.5961385167169512,3,0.01,0.5,2,0.1
1.0,0.5996064329849847,4,0.01,0.5,2,0.1
1.0,0.6473456258738244,5,0.01,0.5,2,0.1
1.0,0.6804420532159963,6,0.01,0.5,2,0.1
1.0,0.6854206309516436,7,0.01,0.5,2,0.1
1.0,0.6610883640798656,8,0.01,0.5,2,0.1
1.0,0.6514943809754559,9,0.01,0.5,2,0.1
1.0,0.6496482252983729,10,0.01,0.5,2,0.1
1.0,0.8117835166213696,1,0.1,0.5,2,0.1
1.0,0.7283068426169811,2,0.1,0.5,2,0.1
1.0,0.6973382283685404,3,0.1,0.5,2,0.1
1.0,0.6886227763262527,4,0.1,0.5,2,0.1
1.0,0.703872378879706,5,0.1,0.5,2,0.1
1.0,0.6873289313146635,6,0.1,0.5,2,0.1
1.0,0.6953249694149972,7,0.1,0.5,2,0.1
1.0,0.7003533365527371,8,0.1,0.5,2,0.1
1.0,0.7036530733841956,9,0.1,0.5,2,0.1
1.0,0.7119627507183991,10,0.1,0.5,2,0.1
1.0,0.6570770821328951,1,0.25,0.5,2,0.1
1.0,0.6642709128897035,2,0.25,0.5,2,0.1
1.0,0.6577714174852273,3,0.25,0.5,2,0.1
1.0,0.6736257581518447,4,0.25,0.5,2,0.1
1.0,0.6788564493197055,5,0.25,0.5,2,0.1
1.0,0.6727656149590224,6,0.25,0.5,2,0.1
1.0,0.6814880689838204,7,0.25,0.5,2,0.1
1.0,0.6838605672307342,8,0.25,0.5,2,0.1
1.0,0.686678902400355,9,0.25,0.5,2,0.1
1.0,0.6882451224737548,10,0.25,0.5,2,0.1
1.0,0.6694032759169121,1,0.01,0.75,2,0.1
1.0,0.8841561096621277,2,0.01,0.75,2,0.1
1.0,0.7209493065280881,3,0.01,0.75,2,0.1
1.0,0.73254724106062,4,0.01,0.75,2,0.1
1.0,0.6932019880660076,5,0.01,0.75,2,0.1
1.0,0.7172069669391541,6,0.01,0.75,2,0.1
1.0,0.6915718832395737,7,0.01,0.75,2,0.1
1.0,0.7056129661855935,8,0.01,0.75,2,0.1
1.0,0.7217673053322318,9,0.01,0.75,2,0.1
1.0,0.7094699251508085,10,0.01,0.75,2,0.1
1.0,0.6594507014458493,1,0.1,0.75,2,0.1
1.0,0.720552726518482,2,0.1,0.75,2,0.1
1.0,0.7271176094476413,3,0.1,0.75,2,0.1
1.0,0.7208435639160267,4,0.1,0.75,2,0.1
1.0,0.7262511931858694,5,0.1,0.75,2,0.1
1.0,0.7194307014756628,6,0.1,0.75,2,0.1
1.0,0.7157348526764984,7,0.1,0.75,2,0.1
1.0,0.7181786123785051,8,0.1,0.75,2,0.1
1.0,0.725741879550262,9,0.1,0.75,2,0.1
1.0,0.7133545386384309,10,0.1,0.75,2,0.1
1.0,0.7138819353498677,1,0.25,0.75,2,0.1
1.0,0.6994833616748962,2,0.25,0.75,2,0.1
1.0,0.7029830274339209,3,0.25,0.75,2,0.1
1.0,0.7038516343316704,4,0.25,0.75,2,0.1
1.0,0.6902117759591752,5,0.25,0.75,2,0.1
1.0,0.6822075394724709,6,0.25,0.75,2,0.1
1.0,0.6849900843734333,7,0.25,0.75,2,0.1
1.0,0.6878518261826329,8,0.25,0.75,2,0.1
1.0,0.6860590318496937,9,0.25,0.75,2,0.1
1.0,0.694475421425681,10,0.25,0.75,2,0.1
1.0,0.6602163949340661,1,0.01,0.9,2,0.1
1.0,0.7445117702258047,2,0.01,0.9,2,0.1
1.0,0.6725421952898073,3,0.01,0.9,2,0.1
1.0,0.6527857007904644,4,0.01,0.9,2,0.1
1.0,0.6859105697084777,5,0.01,0.9,2,0.1
1.0,0.67415771810694,6,0.01,0.9,2,0.1
1.0,0.6607967384365941,7,0.01,0.9,2,0.1
1.0,0.6663271618984944,8,0.01,0.9,2,0.1
1.0,0.6946056051063167,9,0.01,0.9,2,0.1
1.0,0.6853695773551823,10,0.01,0.9,2,0.1
1.0,0.7165973772098726,1,0.1,0.9,2,0.1
1.0,0.7505939209399695,2,0.1,0.9,2,0.1
1.0,0.7708346251746863,3,0.1,0.9,2,0.1
1.0,0.7501286777291641,4,0.1,0.9,2,0.1
1.0,0.7548571952188641,5,0.1,0.9,2,0.1
1.0,0.737991688601803,6,0.1,0.9,2,0.1
1.0,0.7368630306804794,7,0.1,0.9,2,0.1
1.0,0.7253213314972662,8,0.1,0.9,2,0.1
1.0,0.7274820027622816,9,0.1,0.9,2,0.1
1.0,0.7254210878118436,10,0.1,0.9,2,0.1
1.0,0.6774226364770706,1,0.25,0.9,2,0.1
1.0,0.6905024448949132,2,0.25,0.9,2,0.1
1.0,0.6928891868445458,3,0.25,0.9,2,0.1
1.0,0.6871329368321512,4,0.25,0.9,2,0.1
1.0,0.6961645603980768,5,0.25,0.9,2,0.1
1.0,0.691802213710016,6,0.25,0.9,2,0.1
1.0,0.6893627922099244,7,0.25,0.9,2,0.1
1.0,0.6874464318967762,8,0.25,0.9,2,0.1
1.0,0.6903810572835575,9,0.25,0.9,2,0.1
1.0,0.6990221014606895,10,0.25,0.9,2,0.1
1.0,0.6346430370111025,1,0.01,0.5,3,0.1
1.0,0.6635787801887881,2,0.01,0.5,3,0.1
1.0,0.6480613220715227,3,0.01,0.5,3,0.1
1.0,0.606272161005789,4,0.01,0.5,3,0.1
1.0,0.589750349754451,5,0.01,0.5,3,0.1
1.0,0.6058287432662282,6,0.01,0.5,3,0.1
1.0,0.6022595207729926,7,0.01,0.5,3,0.1
1.0,0.6161172518136803,8,0.01,0.5,3,0.1
1.0,0.6511037160935996,9,0.01,0.5,3,0.1
1.0,0.6312558776385281,10,0.01,0.5,3,0.1
1.0,0.6499569734177624,1,0.1,0.5,3,0.1
1.0,0.6466092969594397,2,0.1,0.5,3,0.1
1.0,0.6263508762960109,3,0.1,0.5,3,0.1
1.0,0.6675329302569003,4,0.1,0.5,3,0.1
1.0,0.6815067329386513,5,0.1,0.5,3,0.1
1.0,0.690969011150761,6,0.1,0.5,3,0.1
1.0,0.678562298345317,7,0.1,0.5,3,0.1
1.0,0.6768166195808608,8,0.1,0.5,3,0.1
1.0,0.680539187331242,9,0.1,0.5,3,0.1
1.0,0.6896533766984779,10,0.1,0.5,3,0.1
1.0,0.6606675703723238,1,0.25,0.5,3,0.1
1.0,0.674773758505409,2,0.25,0.5,3,0.1
1.0,0.6886331622695416,3,0.25,0.5,3,0.1
1.0,0.6815562799305177,4,0.25,0.5,3,0.1
1.0,0.6837256632486836,5,0.25,0.5,3,0.1
1.0,0.6873863350064652,6,0.25,0.5,3,0.1
1.0,0.6860272731419719,7,0.25,0.5,3,0.1
1.0,0.68952898416609,8,0.25,0.5,3,0.1
1.0,0.6912527452069934,9,0.25,0.5,3,0.1
1.0,0.6902207278266865,10,0.25,0.5,3,0.1
1.0,1.1829176926003062,1,0.01,0.75,3,0.1
1.0,1.0152575953032366,2,0.01,0.75,3,0.1
1.0,0.9036368061811765,3,0.01,0.75,3,0.1
1.0,0.8193663942247909,4,0.01,0.75,3,0.1
1.0,0.7888624339134249,5,0.01,0.75,3,0.1
1.0,0.7785716991698595,6,0.01,0.75,3,0.1
1.0,0.7814352208202228,7,0.01,0.75,3,0.1
1.0,0.7382095302129973,8,0.01,0.75,3,0.1
1.0,0.7152241215670966,9,0.01,0.75,3,0.1
1.0,0.7150480344526505,10,0.01,0.75,3,0.1
1.0,0.7821654475888808,1,0.1,0.75,3,0.1
1.0,0.7138339923134759,2,0.1,0.75,3,0.1
1.0,0.7150310466419173,3,0.1,0.75,3,0.1
1.0,0.7172531283106645,4,0.1,0.75,3,0.1
1.0,0.6975164564596507,5,0.1,0.75,3,0.1
1.0,0.7051784265914215,6,0.1,0.75,3,0.1
1.0,0.710504928476449,7,0.1,0.75,3,0.1
1.0,0.7054281075698204,8,0.1,0.75,3,0.1
1.0,0.7008337015383422,9,0.1,0.75,3,0.1
1.0,0.7050918926765649,10,0.1,0.75,3,0.1
1.0,0.6995309842343042,1,0.25,0.75,3,0.1
1.0,0.6841206336302796,2,0.25,0.75,3,0.1
1.0,0.6913153263022019,3,0.25,0.75,3,0.1
1.0,0.6765053478266378,4,0.25,0.75,3,0.1
1.0,0.685882025182593,5,0.25,0.75,3,0.1
1.0,0.688264578637163,6,0.25,0.75,3,0.1
1.0,0.6895576780614431,7,0.25,0.75,3,0.1
1.0,0.6982299533426695,8,0.25,0.75,3,0.1
1.0,0.6980759110540856,9,0.25,0.75,3,0.1
1.0,0.7041974940919672,10,0.25,0.75,3,0.1
1.0,0.7198615450481162,1,0.01,0.9,3,0.1
1.0,0.8276272825285635,2,0.01,0.9,3,0.1
1.0,0.7698767372813053,3,0.01,0.9,3,0.1
1.0,0.7208836613626114,4,0.01,0.9,3,0.1
1.0,0.717650353604927,5,0.01,0.9,3,0.1
1.0,0.7268723646770092,6,0.01,0.9,3,0.1
1.0,0.7053475941932689,7,0.01,0.9,3,0.1
1.0,0.7097658720919734,8,0.01,0.9,3,0.1
1.0,0.748037653774699,9,0.01,0.9,3,0.1
1.0,0.7629290351578816,10,0.01,0.9,3,0.1
1.0,0.726416768633567,1,0.1,0.9,3,0.1
1.0,0.7309055427452336,2,0.1,0.9,3,0.1
1.0,0.6938053371378108,3,0.1,0.9,3,0.1
1.0,0.6796829303276448,4,0.1,0.9,3,0.1
1.0,0.6650712490086098,5,0.1,0.9,3,0.1
1.0,0.6576175789810913,6,0.1,0.9,3,0.1
1.0,0.6599126820233406,7,0.1,0.9,3,0.1
1.0,0.668787730893677,8,0.1,0.9,3,0.1
1.0,0.6699014670562015,9,0.1,0.9,3,0.1
1.0,0.6727763568047755,10,0.1,0.9,3,0.1
1.0,0.7388010001605826,1,0.25,0.9,3,0.1
1.0,0.743866932641538,2,0.25,0.9,3,0.1
1.0,0.7332262093273314,3,0.25,0.9,3,0.1
1.0,0.7269297879684886,4,0.25,0.9,3,0.1
1.0,0.7082092380033768,5,0.25,0.9,3,0.1
1.0,0.7143532911160305,6,0.25,0.9,3,0.1
1.0,0.7169225980539081,7,0.25,0.9,3,0.1
1.0,0.7175655434460294,8,0.25,0.9,3,0.1
1.0,0.7189677954554586,9,0.25,0.9,3,0.1
1.0,0.7169552937046962,10,0.25,0.9,3,0.1
1.0,0.48740643860125216,1,0.01,0.5,4,0.1
1.0,0.5645522912081407,2,0.01,0.5,4,0.1
1.0,0.6497416325536518,3,0.01,0.5,4,0.1
1.0,0.7664440409297316,4,0.01,0.5,4,0.1
1.0,0.7494746492368793,5,0.01,0.5,4,0.1
1.0,0.7540579890027301,6,0.01,0.5,4,0.1
1.0,0.7246028715620896,7,0.01,0.5,4,0.1
1.0,0.7240351982366597,8,0.01,0.5,4,0.1
1.0,0.7026586620326448,9,0.01,0.5,4,0.1
1.0,0.6936427912804207,10,0.01,0.5,4,0.1
1.0,0.6889525406280113,1,0.1,0.5,4,0.1
1.0,0.7233108200413025,2,0.1,0.5,4,0.1
1.0,0.6778080873762765,3,0.1,0.5,4,0.1
1.0,0.6720523373377562,4,0.1,0.5,4,0.1
1.0,0.690924224158372,5,0.1,0.5,4,0.1
1.0,0.6935550010682947,6,0.1,0.5,4,0.1
1.0,0.6975366061758521,7,0.1,0.5,4,0.1
1.0,0.6930534624753377,8,0.1,0.5,4,0.1
1.0,0.6923939397373594,9,0.1,0.5,4,0.1
1.0,0.6846498669567227,10,0.1,0.5,4,0.1
1.0,0.682619490726077,1,0.25,0.5,4,0.1
1.0,0.6999828148022644,2,0.25,0.5,4,0.1
1.0,0.6892406575541711,3,0.25,0.5,4,0.1
1.0,0.6801522973069748,4,0.25,0.5,4,0.1
1.0,0.6732702870904648,5,0.25,0.5,4,0.1
1.0,0.6765857258773331,6,0.25,0.5,4,0.1
1.0,0.6762786218297782,7,0.25,0.5,4,0.1
1.0,0.6758082565716564,8,0.25,0.5,4,0.1
1.0,0.6712183785046192,9,0.25,0.5,4,0.1
1.0,0.6731501631044012,10,0.25,0.5,4,0.1
1.0,0.7353625992251513,1,0.01,0.75,4,0.1
1.0,0.6961510178496,2,0.01,0.75,4,0.1
1.0,0.7230965429992142,3,0.01,0.75,4,0.1
1.0,0.695669098776038,4,0.01,0.75,4,0.1
1.0,0.6982500280634177,5,0.01,0.75,4,0.1
1.0,0.7064316313929698,6,0.01,0.75,4,0.1
1.0,0.6714733185950316,7,0.01,0.75,4,0.1
1.0,0.7116984747485827,8,0.01,0.75,4,0.1
1.0,0.7276332662794087,9,0.01,0.75,4,0.1
1.0,0.699745351695307,10,0.01,0.75,4,0.1
1.0,0.7300501859158649,1,0.1,0.75,4,0.1
1.0,0.717408961166025,2,0.1,0.75,4,0.1
1.0,0.729453193100863,3,0.1,0.75,4,0.1
1.0,0.7048002501031011,4,0.1,0.75,4,0.1
1.0,0.691763364905963,5,0.1,0.75,4,0.1
1.0,0.6905436000672661,6,0.1,0.75,4,0.1
1.0,0.7009593553898804,7,0.1,0.75,4,0.1
1.0,0.6933524131149704,8,0.1,0.75,4,0.1
1.0,0.6947567381258958,9,0.1,0.75,4,0.1
1.0,0.7051899348591456,10,0.1,0.75,4,0.1
1.0,0.6670776648320732,1,0.25,0.75,4,0.1
1.0,0.717243621219058,2,0.25,0.75,4,0.1
1.0,0.6867459889609161,3,0.25,0.75,4,0.1
1.0,0.6843491759177442,4,0.25,0.75,4,0.1
1.0,0.6871838773085325,5,0.25,0.75,4,0.1
1.0,0.6794187071079063,6,0.25,0.75,4,0.1
1.0,0.6757968231976883,7,0.25,0.75,4,0.1
1.0,0.676425160455587,8,0.25,0.75,4,0.1
1.0,0.6839396845758579,9,0.25,0.75,4,0.1
1.0,0.6848494046195631,10,0.25,0.75,4,0.1
1.0,0.7398666774001872,1,0.01,0.9,4,0.1
1.0,0.9449643394542309,2,0.01,0.9,4,0.1
1.0,0.9148461974423853,3,0.01,0.9,4,0.1
1.0,0.843011337833018,4,0.01,0.9,4,0.1
1.0,0.8272327594356712,5,0.01,0.9,4,0.1
1.0,0.8002999334348021,6,0.01,0.9,4,0.1
1.0,0.8182917194424247,7,0.01,0.9,4,0.1
1.0,0.8058216652846086,8,0.01,0.9,4,0.1
1.0,0.8184577424266716,9,0.01,0.9,4,0.1
1.0,0.8068484977147559,10,0.01,0.9,4,0.1
1.0,0.6845701280593322,1,0.1,0.9,4,0.1
1.0,0.6565342403543319,2,0.1,0.9,4,0.1
1.0,0.6464518999034234,3,0.1,0.9,4,0.1
1.0,0.6633132959981246,4,0.1,0.9,4,0.1
1.0,0.6504092399933282,5,0.1,0.9,4,0.1
1.0,0.6588983364465203,6,0.1,0.9,4,0.1
1.0,0.6709802940601679,7,0.1,0.9,4,0.1
1.0,0.6686203390224443,8,0.1,0.9,4,0.1
1.0,0.6802617794517513,9,0.1,0.9,4,0.1
1.0,0.6777658400685417,10,0.1,0.9,4,0.1
1.0,0.6999200953796296,1,0.25,0.9,4,0.1
1.0,0.6876134440137847,2,0.25,0.9,4,0.1
1.0,0.7074859546123154,3,0.25,0.9,4,0.1
1.0,0.6978561403069492,4,0.25,0.9,4,0.1
1.0,0.6997491814895552,5,0.25,0.9,4,0.1
1.0,0.7044765026017792,6,0.25,0.9,4,0.1
1.0,0.6987541191173654,7,0.25,0.9,4,0.1
1.0,0.7014405385350746,8,0.25,0.9,4,0.1
1.0,0.6969736655479153,9,0.25,0.9,4,0.1
1.0,0.6950285342339072,10,0.25,0.9,4,0.1
1.0,0.5166286700336682,1,0.01,0.5,5,0.1
1.0,0.673186342305994,2,0.01,0.5,5,0.1
1.0,0.7244257118760726,3,0.01,0.5,5,0.1
1.0,0.7926106328366337,4,0.01,0.5,5,0.1
1.0,0.7762983906864196,5,0.01,0.5,5,0.1
1.0,0.715239109631946,6,0.01,0.5,5,0.1
1.0,0.7228247947561492,7,0.01,0.5,5,0.1
1.0,0.6939220022563832,8,0.01,0.5,5,0.1
1.0,0.6772512785823265,9,0.01,0.5,5,0.1
1.0,0.6661767052458984,10,0.01,0.5,5,0.1
1.0,0.7496418097488678,1,0.1,0.5,5,0.1
1.0,0.7327703873104209,2,0.1,0.5,5,0.1
1.0,0.6947208761293768,3,0.1,0.5,5,0.1
1.0,0.6897345209724018,4,0.1,0.5,5,0.1
1.0,0.685678482785362,5,0.1,0.5,5,0.1
1.0,0.6854118845444864,6,0.1,0.5,5,0.1
1.0,0.6774526994597417,7,0.1,0.5,5,0.1
1.0,0.6810965380686589,8,0.1,0.5,5,0.1
1.0,0.6872843269460018,9,0.1,0.5,5,0.1
1.0,0.6954733825803585,10,0.1,0.5,5,0.1
1.0,0.7169726203270376,1,0.25,0.5,5,0.1
1.0,0.6809670016563988,2,0.25,0.5,5,0.1
1.0,0.6866475141854472,3,0.25,0.5,5,0.1
1.0,0.685206638789638,4,0.25,0.5,5,0.1
1.0,0.690489941481438,5,0.25,0.5,5,0.1
1.0,0.6880633293058017,6,0.25,0.5,5,0.1
1.0,0.681942673614286,7,0.25,0.5,5,0.1
1.0,0.6820196273566118,8,0.25,0.5,5,0.1
1.0,0.6823664292666649,9,0.25,0.5,5,0.1
1.0,0.6845748119313524,10,0.25,0.5,5,0.1
1.0,0.572436436186149,1,0.01,0.75,5,0.1
1.0,0.719092438917786,2,0.01,0.75,5,0.1
1.0,0.6447078249673086,3,0.01,0.75,5,0.1
1.0,0.6671661903368454,4,0.01,0.75,5,0.1
1.0,0.6024832147749948,5,0.01,0.75,5,0.1
1.0,0.5940774434552353,6,0.01,0.75,5,0.1
1.0,0.6489896168234016,7,0.01,0.75,5,0.1
1.0,0.6704805452504835,8,0.01,0.75,5,0.1
1.0,0.6628987688741811,9,0.01,0.75,5,0.1
1.0,0.6750294555987196,10,0.01,0.75,5,0.1
1.0,0.6042277617968572,1,0.1,0.75,5,0.1
1.0,0.6618429420946106,2,0.1,0.75,5,0.1
1.0,0.6714216547220027,3,0.1,0.75,5,0.1
1.0,0.647674537947873,4,0.1,0.75,5,0.1
1.0,0.634624950959312,5,0.1,0.75,5,0.1
1.0,0.646345817488821,6,0.1,0.75,5,0.1
1.0,0.6431626531215248,7,0.1,0.75,5,0.1
1.0,0.6460835694657353,8,0.1,0.75,5,0.1
1.0,0.6537714383905959,9,0.1,0.75,5,0.1
1.0,0.6527802243306806,10,0.1,0.75,5,0.1
1.0,0.6799589367436195,1,0.25,0.75,5,0.1
1.0,0.6789752026690409,2,0.25,0.75,5,0.1
1.0,0.6757390013055259,3,0.25,0.75,5,0.1
1.0,0.6892370987330058,4,0.25,0.75,5,0.1
1.0,0.686137644757411,5,0.25,0.75,5,0.1
1.0,0.685093515912185,6,0.25,0.75,5,0.1
1.0,0.6861894528539191,7,0.25,0.75,5,0.1
1.0,0.6897789488361048,8,0.25,0.75,5,0.1
1.0,0.7016594046443417,9,0.25,0.75,5,0.1
1.0,0.7084071279752125,10,0.25,0.75,5,0.1
1.0,0.9790042466576272,1,0.01,0.9,5,0.1
1.0,0.8162232294237995,2,0.01,0.9,5,0.1
1.0,0.7499924991486948,3,0.01,0.9,5,0.1
1.0,0.8128898661739198,4,0.01,0.9,5,0.1
1.0,0.816647912667284,5,0.01,0.9,5,0.1
1.0,0.7779563845232252,6,0.01,0.9,5,0.1
1.0,0.7650488663536753,7,0.01,0.9,5,0.1
1.0,0.7599164756787973,8,0.01,0.9,5,0.1
1.0,0.7269126355812386,9,0.01,0.9,5,0.1
1.0,0.7547657898801449,10,0.01,0.9,5,0.1
1.0,0.6348568966766589,1,0.1,0.9,5,0.1
1.0,0.6847853225090668,2,0.1,0.9,5,0.1
1.0,0.6533138309243003,3,0.1,0.9,5,0.1
1.0,0.6820188829358679,4,0.1,0.9,5,0.1
1.0,0.6717138553681455,5,0.1,0.9,5,0.1
1.0,0.6823818919020513,6,0.1,0.9,5,0.1
1.0,0.6863271741114274,7,0.1,0.9,5,0.1
1.0,0.6751784257668073,8,0.1,0.9,5,0.1
1.0,0.6772215050712748,9,0.1,0.9,5,0.1
1.0,0.671450304424984,10,0.1,0.9,5,0.1
1.0,0.69507294051148,1,0.25,0.9,5,0.1
1.0,0.7000363754506815,2,0.25,0.9,5,0.1
1.0,0.7350648155774855,3,0.25,0.9,5,0.1
1.0,0.7117737828232698,4,0.25,0.9,5,0.1
1.0,0.7125733618857121,5,0.25,0.9,5,0.1
1.0,0.7054120263918459,6,0.25,0.9,5,0.1
1.0,0.7088306725106481,7,0.25,0.9,5,0.1
1.0,0.7043792659047814,8,0.25,0.9,5,0.1
1.0,0.7055365559069544,9,0.25,0.9,5,0.1
1.0,0.7085905707727655,10,0.25,0.9,5,0.1
1.0,0.7486611815887775,1,0.01,0.5,1,0.25
1.0,0.7446505348760768,2,0.01,0.5,1,0.25
1.0,0.7064708743641912,3,0.01,0.5,1,0.25
1.0,0.7697612556833392,4,0.01,0.5,1,0.25
1.0,0.6556350575701045,5,0.01,0.5,1,0.25
1.0,0.6158909983417152,6,0.01,0.5,1,0.25
1.0,0.6154582424744276,7,0.01,0.5,1,0.25
1.0,0.6274320029419679,8,0.01,0.5,1,0.25
1.0,0.6268265137883084,9,0.01,0.5,1,0.25
1.0,0.6353784244156963,10,0.01,0.5,1,0.25
1.0,0.652885135271156,1,0.1,0.5,1,0.25
1.0,0.5861744706213032,2,0.1,0.5,1,0.25
1.0,0.6370871411680386,3,0.1,0.5,1,0.25
1.0,0.6627132169209258,4,0.1,0.5,1,0.25
1.0,0.6596828705271001,5,0.1,0.5,1,0.25
1.0,0.6558950609920864,6,0.1,0.5,1,0.25
1.0,0.6603157279987333,7,0.1,0.5,1,0.25
1.0,0.6618858961936623,8,0.1,0.5,1,0.25
1.0,0.6675960190754198,9,0.1,0.5,1,0.25
1.0,0.6615455975232708,10,0.1,0.5,1,0.25
1.0,0.6679439680534729,1,0.25,0.5,1,0.25
1.0,0.7278805722616807,2,0.25,0.5,1,0.25
1.0,0.7307681625649346,3,0.25,0.5,1,0.25
1.0,0.7181592777641691,4,0.25,0.5,1,0.25
1.0,0.7042622052051769,5,0.25,0.5,1,0.25
1.0,0.7049840721467107,6,0.25,0.5,1,0.25
1.0,0.7088543798677865,7,0.25,0.5,1,0.25
1.0,0.7111599993060959,8,0.25,0.5,1,0.25
1.0,0.7131783739861943,9,0.25,0.5,1,0.25
1.0,0.716691440059897,10,0.25,0.5,1,0.25
1.0,0.8620588830108457,1,0.01,0.75,1,0.25
1.0,0.8204630446376,2,0.01,0.75,1,0.25
1.0,0.7760637440928703,3,0.01,0.75,1,0.25
1.0,0.6826764302072887,4,0.01,0.75,1,0.25
1.0,0.666879501007873,5,0.01,0.75,1,0.25
1.0,0.6463824679187427,6,0.01,0.75,1,0.25
1.0,0.6137466176378441,7,0.01,0.75,1,0.25
1.0,0.6044233498874744,8,0.01,0.75,1,0.25
1.0,0.6174889193213261,9,0.01,0.75,1,0.25
1.0,0.6464920429957202,10,0.01,0.75,1,0.25
1.0,0.6473271709260463,1,0.1,0.75,1,0.25
1.0,0.6633076228256054,2,0.1,0.75,1,0.25
1.0,0.6681696754016425,3,0.1,0.75,1,0.25
1.0,0.6941987126749224,4,0.1,0.75,1,0.25
1.0,0.6745385484000113,5,0.1,0.75,1,0.25
1.0,0.6748945190920288,6,0.1,0.75,1,0.25
1.0,0.6800455026716976,7,0.1,0.75,1,0.25
1.0,0.6771455942168507,8,0.1,0.75,1,0.25
1.0,0.6781392374306997,9,0.1,0.75,1,0.25
1.0,0.6713589244231558,10,0.1,0.75,1,0.25
1.0,0.6882516504670577,1,0.25,0.75,1,0.25
1.0,0.7220569946215719,2,0.25,0.75,1,0.25
1.0,0.7136807385528564,3,0.25,0.75,1,0.25
1.0,0.7190558625605626,4,0.25,0.75,1,0.25
1.0,0.7222250177236632,5,0.25,0.75,1,0.25
1.0,0.7213771006526606,6,0.25,0.75,1,0.25
1.0,0.7187066494973945,7,0.25,0.75,1,0.25
1.0,0.7137784850315919,8,0.25,0.75,1,0.25
1.0,0.7172045796929672,9,0.25,0.75,1,0.25
1.0,0.7170777600437054,10,0.25,0.75,1,0.25
1.0,0.6783735590463429,1,0.01,0.9,1,0.25
1.0,0.6044981378338797,2,0.01,0.9,1,0.25
1.0,0.6378796904163229,3,0.01,0.9,1,0.25
1.0,0.6788790770148045,4,0.01,0.9,1,0.25
1.0,0.6166775008030049,5,0.01,0.9,1,0.25
1.0,0.5987046920720767,6,0.01,0.9,1,0.25
1.0,0.6652155340948888,7,0.01,0.9,1,0.25
1.0,0.6443428126564249,8,0.01,0.9,1,0.25
1.0,0.6561021001099713,9,0.01,0.9,1,0.25
1.0,0.67166996423418,10,0.01,0.9,1,0.25
1.0,0.5583466156830229,1,0.1,0.9,1,0.25
1.0,0.5988425800942503,2,0.1,0.9,1,0.25
1.0,0.6536699445652818,3,0.1,0.9,1,0.25
1.0,0.6676190920296601,4,0.1,0.9,1,0.25
1.0,0.6838521753761646,5,0.1,0.9,1,0.25
1.0,0.7024494165214442,6,0.1,0.9,1,0.25
1.0,0.7112172123520284,7,0.1,0.9,1,0.25
1.0,0.7171545744121197,8,0.1,0.9,1,0.25
1.0,0.7139731661429162,9,0.1,0.9,1,0.25
1.0,0.7131225956879875,10,0.1,0.9,1,0.25
1.0,0.7064520449024707,1,0.25,0.9,1,0.25
1.0,0.7173786064973122,2,0.25,0.9,1,0.25
1.0,0.701649290200352,3,0.25,0.9,1,0.25
1.0,0.6904846042423068,4,0.25,0.9,1,0.25
1.0,0.6869598552941709,5,0.25,0.9,1,0.25
1.0,0.6867916287544745,6,0.25,0.9,1,0.25
1.0,0.6927005830011138,7,0.25,0.9,1,0.25
1.0,0.697315462195686,8,0.25,0.9,1,0.25
1.0,0.6980862435001028,9,0.25,0.9,1,0.25
1.0,0.7040585344413597,10,0.25,0.9,1,0.25
1.0,0.890528568629862,1,0.01,0.5,2,0.25
1.0,0.6795903371403562,2,0.01,0.5,2,0.25
1.0,0.7336759625575027,3,0.01,0.5,2,0.25
1.0,0.6889989154707117,4,0.01,0.5,2,0.25
1.0,0.7243665366704717,5,0.01,0.5,2,0.25
1.0,0.703067581765638,6,0.01,0.5,2,0.25
1.0,0.7771952124981536,7,0.01,0.5,2,0.25
1.0,0.7387325020610188,8,0.01,0.5,2,0.25
1.0,0.7229345836022849,9,0.01,0.5,2,0.25
1.0,0.699077502803078,10,0.01,0.5,2,0.25
1.0,0.7729777225022456,1,0.1,0.5,2,0.25
1.0,0.7692580093262738,2,0.1,0.5,2,0.25
1.0,0.7587151185265386,3,0.1,0.5,2,0.25
1.0,0.766864040787599,4,0.1,0.5,2,0.25
1.0,0.7614744037105148,5,0.1,0.5,2,0.25
1.0,0.7446518880352375,6,0.1,0.5,2,0.25
1.0,0.7312917694989952,7,0.1,0.5,2,0.25
1.0,0.7325012437008496,8,0.1,0.5,2,0.25
1.0,0.7284656621270122,9,0.1,0.5,2,0.25
1.0,0.7184645965818988,10,0.1,0.5,2,0.25
1.0,0.7177066313581171,1,0.25,0.5,2,0.25
1.0,0.6974876456739,2,0.25,0.5,2,0.25
1.0,0.6862985469584684,3,0.25,0.5,2,0.25
1.0,0.6747582880046724,4,0.25,0.5,2,0.25
1.0,0.6825192093283945,5,0.25,0.5,2,0.25
1.0,0.6792686412006658,6,0.25,0.5,2,0.25
1.0,0.6800395226322052,7,0.25,0.5,2,0.25
1.0,0.6817420373111175,8,0.25,0.5,2,0.25
1.0,0.6821230617952292,9,0.25,0.5,2,0.25
1.0,0.6944506047379015,10,0.25,0.5,2,0.25
1.0,0.42082861692384765,1,0.01,0.75,2,0.25
1.0,0.5409656110878418,2,0.01,0.75,2,0.25
1.0,0.5321490213095706,3,0.01,0.75,2,0.25
1.0,0.5598398183442798,4,0.01,0.75,2,0.25
1.0,0.5723419831023039,5,0.01,0.75,2,0.25
1.0,0.6408806061355434,6,0.01,0.75,2,0.25
1.0,0.5976471384917296,7,0.01,0.75,2,0.25
1.0,0.632418044590281,8,0.01,0.75,2,0.25
1.0,0.6065068663405789,9,0.01,0.75,2,0.25
1.0,0.623151821767762,10,0.01,0.75,2,0.25
1.0,0.7136580102713864,1,0.1,0.75,2,0.25
1.0,0.6667764230810043,2,0.1,0.75,2,0.25
1.0,0.6696856571139579,3,0.1,0.75,2,0.25
1.0,0.698398075443542,4,0.1,0.75,2,0.25
1.0,0.6929378690873315,5,0.1,0.75,2,0.25
1.0,0.6894948993662221,6,0.1,0.75,2,0.25
1.0,0.682747897727507,7,0.1,0.75,2,0.25
1.0,0.669692243003168,8,0.1,0.75,2,0.25
1.0,0.6824790269279729,9,0.1,0.75,2,0.25
1.0,0.6951032050000058,10,0.1,0.75,2,0.25
1.0,0.7554766266493061,1,0.25,0.75,2,0.25
1.0,0.7252479469316508,2,0.25,0.75,2,0.25
1.0,0.7271134572101368,3,0.25,0.75,2,0.25
1.0,0.7200863310811697,4,0.25,0.75,2,0.25
1.0,0.7162064926546517,5,0.25,0.75,2,0.25
1.0,0.7218671809951865,6,0.25,0.75,2,0.25
1.0,0.7188244606292817,7,0.25,0.75,2,0.25
1.0,0.7168716581929582,8,0.25,0.75,2,0.25
1.0,0.7167486238742499,9,0.25,0.75,2,0.25
1.0,0.7204337319126568,10,0.25,0.75,2,0.25
1.0,0.9878688921037593,1,0.01,0.9,2,0.25
1.0,0.8394032554676696,2,0.01,0.9,2,0.25
1.0,0.7872700351712081,3,0.01,0.9,2,0.25
1.0,0.766026199987557,4,0.01,0.9,2,0.25
1.0,0.7458368349105505,5,0.01,0.9,2,0.25
1.0,0.7523561022776385,6,0.01,0.9,2,0.25
1.0,0.7589341625767666,7,0.01,0.9,2,0.25
1.0,0.71138009349418,8,0.01,0.9,2,0.25
1.0,0.7096049406549422,9,0.01,0.9,2,0.25
1.0,0.7088026789243814,10,0.01,0.9,2,0.25
1.0,0.7372839025008583,1,0.1,0.9,2,0.25
1.0,0.7296819065273391,2,0.1,0.9,2,0.25
1.0,0.717374502920648,3,0.1,0.9,2,0.25
1.0,0.7003369925625083,4,0.1,0.9,2,0.25
1.0,0.6883210324515479,5,0.1,0.9,2,0.25
1.0,0.6751434189373196,6,0.1,0.9,2,0.25
1.0,0.6816250179372998,7,0.1,0.9,2,0.25
1.0,0.6873017508940136,8,0.1,0.9,2,0.25
1.0,0.6944649588274939,9,0.1,0.9,2,0.25
1.0,0.6826113573872422,10,0.1,0.9,2,0.25
1.0,0.7152867456546407,1,0.25,0.9,2,0.25
1.0,0.6681433149046723,2,0.25,0.9,2,0.25
1.0,0.6876995789615346,3,0.25,0.9,2,0.25
1.0,0.7123459220552155,4,0.25,0.9,2,0.25
1.0,0.7112112544623417,5,0.25,0.9,2,0.25
1.0,0.7197206928057646,6,0.25,0.9,2,0.25
1.0,0.7183364922007096,7,0.25,0.9,2,0.25
1.0,0.7175553657822696,8,0.25,0.9,2,0.25
1.0,0.7197583061071121,9,0.25,0.9,2,0.25
1.0,0.7204698288124008,10,0.25,0.9,2,0.25
1.0,0.8149959152675811,1,0.01,0.5,3,0.25
1.0,1.2015416311130547,2,0.01,0.5,3,0.25
1.0,0.9913297352690309,3,0.01,0.5,3,0.25
1.0,0.9054174674746003,4,0.01,0.5,3,0.25
1.0,0.9257939301757104,5,0.01,0.5,3,0.25
1.0,0.8853581275460256,6,0.01,0.5,3,0.25
1.0,0.8757594219794285,7,0.01,0.5,3,0.25
1.0,0.8326299668767242,8,0.01,0.5,3,0.25
1.0,0.8115007058104147,9,0.01,0.5,3,0.25
1.0,0.862563288130091,10,0.01,0.5,3,0.25
1.0,0.6575079617952652,1,0.1,0.5,3,0.25
1.0,0.6342342555079654,2,0.1,0.5,3,0.25
1.0,0.6513540991639858,3,0.1,0.5,3,0.25
1.0,0.6459278792416709,4,0.1,0.5,3,0.25
1.0,0.6444394471562073,5,0.1,0.5,3,0.25
1.0,0.6709131717177271,6,0.1,0.5,3,0.25
1.0,0.6867413672323239,7,0.1,0.5,3,0.25
1.0,0.6898361491683465,8,0.1,0.5,3,0.25
1.0,0.6940862413168825,9,0.1,0.5,3,0.25
1.0,0.700816258262711,10,0.1,0.5,3,0.25
1.0,0.643223185546303,1,0.25,0.5,3,0.25
1.0,0.6632615003046858,2,0.25,0.5,3,0.25
1.0,0.6831610725885953,3,0.25,0.5,3,0.25
1.0,0.6898996669243823,4,0.25,0.5,3,0.25
1.0,0.684460086103771,5,0.25,0.5,3,0.25
1.0,0.6771690686989352,6,0.25,0.5,3,0.25
1.0,0.691670106999354,7,0.25,0.5,3,0.25
1.0,0.6940278306783939,8,0.25,0.5,3,0.25
1.0,0.6936862543026399,9,0.25,0.5,3,0.25
1.0,0.6930326451402359,10,0.25,0.5,3,0.25
1.0,0.8932595966856917,1,0.01,0.75,3,0.25
1.0,0.7315985289820701,2,0.01,0.75,3,0.25
1.0,0.8199000993846269,3,0.01,0.75,3,0.25
1.0,0.7338730746946609,4,0.01,0.75,3,0.25
1.0,0.7434191264877342,5,0.01,0.75,3,0.25
1.0,0.7591111249964382,6,0.01,0.75,3,0.25
1.0,0.7431673372462536,7,0.01,0.75,3,0.25
1.0,0.7661938192358904,8,0.01,0.75,3,0.25
1.0,0.7440092121702963,9,0.01,0.75,3,0.25
1.0,0.7659975730444999,10,0.01,0.75,3,0.25
1.0,0.6375674577884018,1,0.1,0.75,3,0.25
1.0,0.6972450959516069,2,0.1,0.75,3,0.25
1.0,0.6734556257176701,3,0.1,0.75,3,0.25
1.0,0.6521156655539871,4,0.1,0.75,3,0.25
1.0,0.697465696226188,5,0.1,0.75,3,0.25
1.0,0.7036886165992275,6,0.1,0.75,3,0.25
1.0,0.713452033026383,7,0.1,0.75,3,0.25
1.0,0.7093896508290579,8,0.1,0.75,3,0.25
1.0,0.7169167347857137,9,0.1,0.75,3,0.25
1.0,0.717570686809983,10,0.1,0.75,3,0.25
1.0,0.7399087854303603,1,0.25,0.75,3,0.25
1.0,0.7328106367979984,2,0.25,0.75,3,0.25
1.0,0.7320547772243403,3,0.25,0.75,3,0.25
1.0,0.7232436691187318,4,0.25,0.75,3,0.25
1.0,0.7111720395486845,5,0.25,0.75,3,0.25
1.0,0.7074683555048513,6,0.25,0.75,3,0.25
1.0,0.7021661447853352,7,0.25,0.75,3,0.25
1.0,0.7088237830597591,8,0.25,0.75,3,0.25
1.0,0.7235079061079306,9,0.25,0.75,3,0.25
1.0,0.7251399795506253,10,0.25,0.75,3,0.25
1.0,0.47173762969316113,1,0.01,0.9,3,0.25
1.0,0.7292237299945074,2,0.01,0.9,3,0.25
1.0,0.7169034371919069,3,0.01,0.9,3,0.25
1.0,0.701349177764473,4,0.01,0.9,3,0.25
1.0,0.666540817746885,5,0.01,0.9,3,0.25
1.0,0.6908530497000257,6,0.01,0.9,3,0.25
1.0,0.6682791675213923,7,0.01,0.9,3,0.25
1.0,0.669426416663751,8,0.01,0.9,3,0.25
1.0,0.672643829083772,9,0.01,0.9,3,0.25
1.0,0.6759805904005515,10,0.01,0.9,3,0.25
1.0,0.7120587776033193,1,0.1,0.9,3,0.25
1.0,0.6986104232412914,2,0.1,0.9,3,0.25
1.0,0.7043895746428981,3,0.1,0.9,3,0.25
1.0,0.6991287014881755,4,0.1,0.9,3,0.25
1.0,0.6929587309540074,5,0.1,0.9,3,0.25
1.0,0.6920095835103648,6,0.1,0.9,3,0.25
1.0,0.684209429680877,7,0.1,0.9,3,0.25
1.0,0.6955667222058658,8,0.1,0.9,3,0.25
1.0,0.6959432673756757,9,0.1,0.9,3,0.25
1.0,0.6845281730150354,10,0.1,0.9,3,0.25
1.0,0.7345184769926109,1,0.25,0.9,3,0.25
1.0,0.7136894869076563,2,0.25,0.9,3,0.25
1.0,0.7022976336561575,3,0.25,0.9,3,0.25
1.0,0.7087462515519786,4,0.25,0.9,3,0.25
1.0,0.7055884375714877,5,0.25,0.9,3,0.25
1.0,0.6999014324514242,6,0.25,0.9,3,0.25
1.0,0.7048620745116384,7,0.25,0.9,3,0.25
1.0,0.7095305696032701,8,0.25,0.9,3,0.25
1.0,0.7063092051375032,9,0.25,0.9,3,0.25
1.0,0.708432899196371,10,0.25,0.9,3,0.25
1.0,0.6325858413555931,1,0.01,0.5,4,0.25
1.0,0.8104412045918776,2,0.01,0.5,4,0.25
1.0,0.7210406518948682,3,0.01,0.5,4,0.25
1.0,0.8143007949283041,4,0.01,0.5,4,0.25
1.0,0.8065855080334398,5,0.01,0.5,4,0.25
1.0,0.840471629696769,6,0.01,0.5,4,0.25
1.0,0.7990688392466669,7,0.01,0.5,4,0.25
1.0,0.7778966470764024,8,0.01,0.5,4,0.25
1.0,0.7705020893686195,9,0.01,0.5,4,0.25
1.0,0.760616363561935,10,0.01,0.5,4,0.25
1.0,0.6363363282483219,1,0.1,0.5,4,0.25
1.0,0.6414769168365879,2,0.1,0.5,4,0.25
1.0,0.6656465812793453,3,0.1,0.5,4,0.25
1.0,0.6933629657314452,4,0.1,0.5,4,0.25
1.0,0.693307593410522,5,0.1,0.5,4,0.25
1.0,0.6964522612437298,6,0.1,0.5,4,0.25
1.0,0.6979513017342661,7,0.1,0.5,4,0.25
1.0,0.691914883925112,8,0.1,0.5,4,0.25
1.0,0.6952394223140423,9,0.1,0.5,4,0.25
1.0,0.6935918526016318,10,0.1,0.5,4,0.25
1.0,0.7209959735674945,1,0.25,0.5,4,0.25
1.0,0.7357483829620534,2,0.25,0.5,4,0.25
1.0,0.7367855437748019,3,0.25,0.5,4,0.25
1.0,0.7205195600277969,4,0.25,0.5,4,0.25
1.0,0.7057194642388925,5,0.25,0.5,4,0.25
1.0,0.7111433815555156,6,0.25,0.5,4,0.25
1.0,0.7133855126459081,7,0.25,0.5,4,0.25
1.0,0.7183869962356503,8,0.25,0.5,4,0.25
1.0,0.7253870364802877,9,0.25,0.5,4,0.25
1.0,0.7254581912774795,10,0.25,0.5,4,0.25
1.0,0.4825142785215185,1,0.01,0.75,4,0.25
1.0,0.4914519941437489,2,0.01,0.75,4,0.25
1.0,0.5416038539448188,3,0.01,0.75,4,0.25
1.0,0.5752547405223604,4,0.01,0.75,4,0.25
1.0,0.611272941617831,5,0.01,0.75,4,0.25
1.0,0.5822706773576792,6,0.01,0.75,4,0.25
1.0,0.587911133887442,7,0.01,0.75,4,0.25
1.0,0.5901166860829467,8,0.01,0.75,4,0.25
1.0,0.6332496680852885,9,0.01,0.75,4,0.25
1.0,0.6324272885780906,10,0.01,0.75,4,0.25
1.0,0.6565178642650116,1,0.1,0.75,4,0.25
1.0,0.6710611214449534,2,0.1,0.75,4,0.25
1.0,0.6665800665973215,3,0.1,0.75,4,0.25
1.0,0.6594970488255975,4,0.1,0.75,4,0.25
1.0,0.6577599078931051,5,0.1,0.75,4,0.25
1.0,0.6814881476818165,6,0.1,0.75,4,0.25
1.0,0.6830030604292097,7,0.1,0.75,4,0.25
1.0,0.6874108247020441,8,0.1,0.75,4,0.25
1.0,0.7061668172527356,9,0.1,0.75,4,0.25
1.0,0.7026648591219951,10,0.1,0.75,4,0.25
1.0,0.6401012344435212,1,0.25,0.75,4,0.25
1.0,0.6777485167058794,2,0.25,0.75,4,0.25
1.0,0.6766402270071504,3,0.25,0.75,4,0.25
1.0,0.6821058259424662,4,0.25,0.75,4,0.25
1.0,0.6791777698782863,5,0.25,0.75,4,0.25
1.0,0.6823395818056254,6,0.25,0.75,4,0.25
1.0,0.681123228021254,7,0.25,0.75,4,0.25
1.0,0.6790517474333653,8,0.25,0.75,4,0.25
1.0,0.6781488601108201,9,0.25,0.75,4,0.25
1.0,0.6777730834888298,10,0.25,0.75,4,0.25
1.0,0.7130350777503985,1,0.01,0.9,4,0.25
1.0,0.6324073172522305,2,0.01,0.9,4,0.25
1.0,0.6788306122147113,3,0.01,0.9,4,0.25
1.0,0.6521341694127514,4,0.01,0.9,4,0.25
1.0,0.6026534700411124,5,0.01,0.9,4,0.25
1.0,0.5895926504865261,6,0.01,0.9,4,0.25
1.0,0.626492349269972,7,0.01,0.9,4,0.25
1.0,0.6249716942623161,8,0.01,0.9,4,0.25
1.0,0.625018100480463,9,0.01,0.9,4,0.25
1.0,0.6105920830311655,10,0.01,0.9,4,0.25
1.0,0.6356771753424545,1,0.1,0.9,4,0.25
1.0,0.6383439118267219,2,0.1,0.9,4,0.25
1.0,0.6315778066983858,3,0.1,0.9,4,0.25
1.0,0.6508393731865076,4,0.1,0.9,4,0.25
1.0,0.6590467571931892,5,0.1,0.9,4,0.25
1.0,0.6598797435482155,6,0.1,0.9,4,0.25
1.0,0.6540307973341701,7,0.1,0.9,4,0.25
1.0,0.6523611562254882,8,0.1,0.9,4,0.25
1.0,0.6566819739777807,9,0.1,0.9,4,0.25
1.0,0.6596821559673353,10,0.1,0.9,4,0.25
1.0,0.6868513494705244,1,0.25,0.9,4,0.25
1.0,0.6807379446920334,2,0.25,0.9,4,0.25
1.0,0.6819921916603957,3,0.25,0.9,4,0.25
1.0,0.6734225274531709,4,0.25,0.9,4,0.25
1.0,0.6932695351765265,5,0.25,0.9,4,0.25
1.0,0.6960618953678667,6,0.25,0.9,4,0.25
1.0,0.6997126575372759,7,0.25,0.9,4,0.25
1.0,0.7072186541710472,8,0.25,0.9,4,0.25
1.0,0.7106753727658165,9,0.25,0.9,4,0.25
1.0,0.7123675453641224,10,0.25,0.9,4,0.25
1.0,0.5080257491123452,1,0.01,0.5,5,0.25
1.0,0.6182030933744549,2,0.01,0.5,5,0.25
1.0,0.6054161862110836,3,0.01,0.5,5,0.25
1.0,0.695065796019153,4,0.01,0.5,5,0.25
1.0,0.611970963476756,5,0.01,0.5,5,0.25
1.0,0.6477549130637912,6,0.01,0.5,5,0.25
1.0,0.6694052293479879,7,0.01,0.5,5,0.25
1.0,0.6460421623879793,8,0.01,0.5,5,0.25
1.0,0.6553796809218836,9,0.01,0.5,5,0.25
1.0,0.6761763996187674,10,0.01,0.5,5,0.25
1.0,0.7182675989078983,1,0.1,0.5,5,0.25
1.0,0.6968471859370832,2,0.1,0.5,5,0.25
1.0,0.6859540614239011,3,0.1,0.5,5,0.25
1.0,0.6912039192502635,4,0.1,0.5,5,0.25
1.0,0.7056049642628738,5,0.1,0.5,5,0.25
1.0,0.7046675543559318,6,0.1,0.5,5,0.25
1.0,0.6916519042817991,7,0.1,0.5,5,0.25
1.0,0.6886067847970024,8,0.1,0.5,5,0.25
1.0,0.6892467158934157,9,0.1,0.5,5,0.25
1.0,0.6872147323674767,10,0.1,0.5,5,0.25
1.0,0.764260070629605,1,0.25,0.5,5,0.25
1.0,0.7423891068218095,2,0.25,0.5,5,0.25
1.0,0.7147088354752793,3,0.25,0.5,5,0.25
1.0,0.7105783034749853,4,0.25,0.5,5,0.25
1.0,0.711709380859123,5,0.25,0.5,5,0.25
1.0,0.7181036742822029,6,0.25,0.5,5,0.25
1.0,0.7147376622914761,7,0.25,0.5,5,0.25
1.0,0.7196341825202962,8,0.25,0.5,5,0.25
1.0,0.7331331620109232,9,0.25,0.5,5,0.25
1.0,0.729825030521997,10,0.25,0.5,5,0.25
1.0,0.7724870100529581,1,0.01,0.75,5,0.25
1.0,0.5508628953049449,2,0.01,0.75,5,0.25
1.0,0.5572184521530108,3,0.01,0.75,5,0.25
1.0,0.5482808960698521,4,0.01,0.75,5,0.25
1.0,0.5797297090210825,5,0.01,0.75,5,0.25
1.0,0.6199421391878739,6,0.01,0.75,5,0.25
1.0,0.5887417694616518,7,0.01,0.75,5,0.25
1.0,0.584459522170195,8,0.01,0.75,5,0.25
1.0,0.5939351810840778,9,0.01,0.75,5,0.25
1.0,0.6131718076804186,10,0.01,0.75,5,0.25
1.0,0.6466181867225707,1,0.1,0.75,5,0.25
1.0,0.6669584663866652,2,0.1,0.75,5,0.25
1.0,0.6938059487880371,3,0.1,0.75,5,0.25
1.0,0.6730582909009118,4,0.1,0.75,5,0.25
1.0,0.6804695807725236,5,0.1,0.75,5,0.25
1.0,0.6877203918090057,6,0.1,0.75,5,0.25
1.0,0.7005297597608213,7,0.1,0.75,5,0.25
1.0,0.7036711952600233,8,0.1,0.75,5,0.25
1.0,0.7012372882653354,9,0.1,0.75,5,0.25
1.0,0.68864709150236,10,0.1,0.75,5,0.25
1.0,0.6785460147384886,1,0.25,0.75,5,0.25
1.0,0.6782284068345047,2,0.25,0.75,5,0.25
1.0,0.6599320085286552,3,0.25,0.75,5,0.25
1.0,0.6738260152010047,4,0.25,0.75,5,0.25
1.0,0.679384295600743,5,0.25,0.75,5,0.25
1.0,0.6756349516795629,6,0.25,0.75,5,0.25
1.0,0.6873467877532048,7,0.25,0.75,5,0.25
1.0,0.6873349667125153,8,0.25,0.75,5,0.25
1.0,0.6914153214985771,9,0.25,0.75,5,0.25
1.0,0.6915421411801654,10,0.25,0.75,5,0.25
1.0,0.6850833076732842,1,0.01,0.9,5,0.25
1.0,0.6738042463269133,2,0.01,0.9,5,0.25
1.0,0.6637974392993433,3,0.01,0.9,5,0.25
1.0,0.7020701223073471,4,0.01,0.9,5,0.25
1.0,0.6812710945727362,5,0.01,0.9,5,0.25
1.0,0.7201796942045767,6,0.01,0.9,5,0.25
1.0,0.8097844840040985,7,0.01,0.9,5,0.25
1.0,0.7912533569803182,8,0.01,0.9,5,0.25
1.0,0.7884043499154259,9,0.01,0.9,5,0.25
1.0,0.7788512388286181,10,0.01,0.9,5,0.25
1.0,0.6592235467221256,1,0.1,0.9,5,0.25
1.0,0.7563852224521939,2,0.1,0.9,5,0.25
1.0,0.7119100415472396,3,0.1,0.9,5,0.25
1.0,0.7035418686251966,4,0.1,0.9,5,0.25
1.0,0.7111130571484575,5,0.1,0.9,5,0.25
1.0,0.7108202102018016,6,0.1,0.9,5,0.25
1.0,0.712807609618217,7,0.1,0.9,5,0.25
1.0,0.7039470750179198,8,0.1,0.9,5,0.25
1.0,0.6934407189267501,9,0.1,0.9,5,0.25
1.0,0.6899547202576481,10,0.1,0.9,5,0.25
1.0,0.6168078890287912,1,0.25,0.9,5,0.25
1.0,0.6463788845070955,2,0.25,0.9,5,0.25
1.0,0.6764069482712551,3,0.25,0.9,5,0.25
1.0,0.6794907303090705,4,0.25,0.9,5,0.25
1.0,0.6909729330415871,5,0.25,0.9,5,0.25
1.0,0.6927571995773047,6,0.25,0.9,5,0.25
1.0,0.6950651691095503,7,0.25,0.9,5,0.25
1.0,0.694731919103746,8,0.25,0.9,5,0.25
1.0,0.6932762159292805,9,0.25,0.9,5,0.25
1.0,0.6949074730471239,10,0.25,0.9,5,0.25
1.0,0.33932592335453177,1,0.01,0.5,1,0.5
1.0,0.4909911181703957,2,0.01,0.5,1,0.5
1.0,0.5363797781603725,3,0.01,0.5,1,0.5
1.0,0.591244097457235,4,0.01,0.5,1,0.5
1.0,0.6272189800566466,5,0.01,0.5,1,0.5
1.0,0.6228499331829432,6,0.01,0.5,1,0.5
1.0,0.5960620248446559,7,0.01,0.5,1,0.5
1.0,0.5799285691588557,8,0.01,0.5,1,0.5
1.0,0.5754315567766117,9,0.01,0.5,1,0.5
1.0,0.5872945910790707,10,0.01,0.5,1,0.5
1.0,0.6514880839587512,1,0.1,0.5,1,0.5
1.0,0.6485621351850133,2,0.1,0.5,1,0.5
1.0,0.6690194926157568,3,0.1,0.5,1,0.5
1.0,0.6761779458465503,4,0.1,0.5,1,0.5
1.0,0.6604737499148681,5,0.1,0.5,1,0.5
1.0,0.6668261552549097,6,0.1,0.5,1,0.5
1.0,0.6766702789180248,7,0.1,0.5,1,0.5
1.0,0.6839551562460259,8,0.1,0.5,1,0.5
1.0,0.6980215088229066,9,0.1,0.5,1,0.5
1.0,0.6909261542031644,10,0.1,0.5,1,0.5
1.0,0.7064497666338122,1,0.25,0.5,1,0.5
1.0,0.6908970783429461,2,0.25,0.5,1,0.5
1.0,0.7140112894083825,3,0.25,0.5,1,0.5
1.0,0.7019747888444098,4,0.25,0.5,1,0.5
1.0,0.70225857557403,5,0.25,0.5,1,0.5
1.0,0.694366972514776,6,0.25,0.5,1,0.5
1.0,0.6963634365093322,7,0.25,0.5,1,0.5
1.0,0.6968481605001958,8,0.25,0.5,1,0.5
1.0,0.6980594733852727,9,0.25,0.5,1,0.5
1.0,0.702289783990556,10,0.25,0.5,1,0.5
1.0,0.7686940635829657,1,0.01,0.75,1,0.5
1.0,0.749812193430738,2,0.01,0.75,1,0.5
1.0,0.7217697104500727,3,0.01,0.75,1,0.5
1.0,0.7576986171756013,4,0.01,0.75,1,0.5
1.0,0.7813821347343404,5,0.01,0.75,1,0.5
1.0,0.7822628284320566,6,0.01,0.75,1,0.5
1.0,0.7687112344220836,7,0.01,0.75,1,0.5
1.0,0.7280330629965441,8,0.01,0.75,1,0.5
1.0,0.7124384559278129,9,0.01,0.75,1,0.5
1.0,0.7213713907069965,10,0.01,0.75,1,0.5
1.0,0.7616595827214834,1,0.1,0.75,1,0.5
1.0,0.7460991175298602,2,0.1,0.75,1,0.5
1.0,0.7599039737773767,3,0.1,0.75,1,0.5
1.0,0.7575210166675244,4,0.1,0.75,1,0.5
1.0,0.7277087401507147,5,0.1,0.75,1,0.5
1.0,0.7144387196549484,6,0.1,0.75,1,0.5
1.0,0.708055052069088,7,0.1,0.75,1,0.5
1.0,0.7152871424842996,8,0.1,0.75,1,0.5
1.0,0.7039549020221337,9,0.1,0.75,1,0.5
1.0,0.7022340494702175,10,0.1,0.75,1,0.5
1.0,0.6475240598443667,1,0.25,0.75,1,0.5
1.0,0.6676397866972437,2,0.25,0.75,1,0.5
1.0,0.6663183955032406,3,0.25,0.75,1,0.5
1.0,0.6815138920686842,4,0.25,0.75,1,0.5
1.0,0.6830859855861812,5,0.25,0.75,1,0.5
1.0,0.672112882497469,6,0.25,0.75,1,0.5
1.0,0.6821416948487804,7,0.25,0.75,1,0.5
1.0,0.6835218427416285,8,0.25,0.75,1,0.5
1.0,0.6795969265491746,9,0.25,0.75,1,0.5
1.0,0.6799115302659074,10,0.25,0.75,1,0.5
1.0,0.7253264452894288,1,0.01,0.9,1,0.5
1.0,0.6620210625234844,2,0.01,0.9,1,0.5
1.0,0.7134238707092414,3,0.01,0.9,1,0.5
1.0,0.6368224290817113,4,0.01,0.9,1,0.5
1.0,0.6502601233322446,5,0.01,0.9,1,0.5
1.0,0.6972409567670809,6,0.01,0.9,1,0.5
1.0,0.7324697814422183,7,0.01,0.9,1,0.5
1.0,0.6932897330923661,8,0.01,0.9,1,0.5
1.0,0.6689655830883124,9,0.01,0.9,1,0.5
1.0,0.6448760995277076,10,0.01,0.9,1,0.5
1.0,0.6145657126203329,1,0.1,0.9,1,0.5
1.0,0.6504446940826574,2,0.1,0.9,1,0.5
1.0,0.6852721320168695,3,0.1,0.9,1,0.5
1.0,0.6779915749243357,4,0.1,0.9,1,0.5
1.0,0.6858830963346138,5,0.1,0.9,1,0.5
1.0,0.705720650085509,6,0.1,0.9,1,0.5
1.0,0.73057601996074,7,0.1,0.9,1,0.5
1.0,0.716943258064352,8,0.1,0.9,1,0.5
1.0,0.7075186806811805,9,0.1,0.9,1,0.5
1.0,0.7046891945686634,10,0.1,0.9,1,0.5
1.0,0.6525381430300302,1,0.25,0.9,1,0.5
1.0,0.6652115203617136,2,0.25,0.9,1,0.5
1.0,0.6879016704789755,3,0.25,0.9,1,0.5
1.0,0.7132438910582328,4,0.25,0.9,1,0.5
1.0,0.7157156205581308,5,0.25,0.9,1,0.5
1.0,0.7184582330158331,6,0.25,0.9,1,0.5
1.0,0.7197513826850789,7,0.25,0.9,1,0.5
1.0,0.7189520665085295,8,0.25,0.9,1,0.5
1.0,0.7144773952437977,9,0.25,0.9,1,0.5
1.0,0.7146220150330235,10,0.25,0.9,1,0.5
1.0,0.5217915919636876,1,0.01,0.5,2,0.5
1.0,0.7996546636363434,2,0.01,0.5,2,0.5
1.0,0.8178759974043764,3,0.01,0.5,2,0.5
1.0,0.8005096708296191,4,0.01,0.5,2,0.5
1.0,0.7320051713299423,5,0.01,0.5,2,0.5
1.0,0.7127769974375561,6,0.01,0.5,2,0.5
1.0,0.6788720992745282,7,0.01,0.5,2,0.5
1.0,0.6657992168443847,8,0.01,0.5,2,0.5
1.0,0.6782673405545173,9,0.01,0.5,2,0.5
1.0,0.6831584949867089,10,0.01,0.5,2,0.5
1.0,0.6414639755644046,1,0.1,0.5,2,0.5
1.0,0.746921865034564,2,0.1,0.5,2,0.5
1.0,0.7670337749297512,3,0.1,0.5,2,0.5
1.0,0.7611525125729316,4,0.1,0.5,2,0.5
1.0,0.7545623349324855,5,0.1,0.5,2,0.5
1.0,0.7450547292437734,6,0.1,0.5,2,0.5
1.0,0.7402293541672945,7,0.1,0.5,2,0.5
1.0,0.7185096225501364,8,0.1,0.5,2,0.5
1.0,0.7213195356036127,9,0.1,0.5,2,0.5
1.0,0.7273910129199943,10,0.1,0.5,2,0.5
1.0,0.6663687026607652,1,0.25,0.5,2,0.5
1.0,0.6668605366929695,2,0.25,0.5,2,0.5
1.0,0.683279155967025,3,0.25,0.5,2,0.5
1.0,0.677343463920097,4,0.25,0.5,2,0.5
1.0,0.664071620142676,5,0.25,0.5,2,0.5
1.0,0.6757661955387722,6,0.25,0.5,2,0.5
1.0,0.6750581515720816,7,0.25,0.5,2,0.5
1.0,0.6812943733338622,8,0.25,0.5,2,0.5
1.0,0.6845663135520305,9,0.25,0.5,2,0.5
1.0,0.6871897076213085,10,0.25,0.5,2,0.5
1.0,0.4554319635965239,1,0.01,0.75,2,0.5
1.0,0.6079237810485857,2,0.01,0.75,2,0.5
1.0,0.5577499886543673,3,0.01,0.75,2,0.5
1.0,0.5603411975465044,4,0.01,0.75,2,0.5
1.0,0.5896748061778252,5,0.01,0.75,2,0.5
1.0,0.612729762155854,6,0.01,0.75,2,0.5
1.0,0.6226161667650597,7,0.01,0.75,2,0.5
1.0,0.6283863954980401,8,0.01,0.75,2,0.5
1.0,0.6310471797685416,9,0.01,0.75,2,0.5
1.0,0.6401674245439549,10,0.01,0.75,2,0.5
1.0,0.7312073181631934,1,0.1,0.75,2,0.5
1.0,0.6980400819407345,2,0.1,0.75,2,0.5
1.0,0.7124249478456093,3,0.1,0.75,2,0.5
1.0,0.6942772795585194,4,0.1,0.75,2,0.5
1.0,0.6954992502048953,5,0.1,0.75,2,0.5
1.0,0.6732921896464329,6,0.1,0.75,2,0.5
1.0,0.681684880961857,7,0.1,0.75,2,0.5
1.0,0.6848501817021593,8,0.1,0.75,2,0.5
1.0,0.6696430722769754,9,0.1,0.75,2,0.5
1.0,0.6769667537468915,10,0.1,0.75,2,0.5
1.0,0.7202217542477906,1,0.25,0.75,2,0.5
1.0,0.6786090780163163,2,0.25,0.75,2,0.5
1.0,0.6737342414665209,3,0.25,0.75,2,0.5
1.0,0.6707766115806832,4,0.25,0.75,2,0.5
1.0,0.6832474968060901,5,0.25,0.75,2,0.5
1.0,0.6929491957389752,6,0.25,0.75,2,0.5
1.0,0.6940033762310539,7,0.25,0.75,2,0.5
1.0,0.7020298450933061,8,0.25,0.75,2,0.5
1.0,0.7012879407593289,9,0.25,0.75,2,0.5
1.0,0.7036266090299704,10,0.25,0.75,2,0.5
1.0,0.7813499290011466,1,0.01,0.9,2,0.5
1.0,0.6917249857941943,2,0.01,0.9,2,0.5
1.0,0.6343499448941768,3,0.01,0.9,2,0.5
1.0,0.6552540946152013,4,0.01,0.9,2,0.5
1.0,0.652402257900923,5,0.01,0.9,2,0.5
1.0,0.6412633230627601,6,0.01,0.9,2,0.5
1.0,0.6220095201133508,7,0.01,0.9,2,0.5
1.0,0.6413035857754447,8,0.01,0.9,2,0.5
1.0,0.6499268731791084,9,0.01,0.9,2,0.5
1.0,0.6544732099723399,10,0.01,0.9,2,0.5
1.0,0.640855921420521,1,0.1,0.9,2,0.5
1.0,0.650960578624073,2,0.1,0.9,2,0.5
1.0,0.6548835130406957,3,0.1,0.9,2,0.5
1.0,0.6767670027392192,4,0.1,0.9,2,0.5
1.0,0.6690798097896161,5,0.1,0.9,2,0.5
1.0,0.6638348501778034,6,0.1,0.9,2,0.5
1.0,0.6650132867546836,7,0.1,0.9,2,0.5
1.0,0.6652190891500182,8,0.1,0.9,2,0.5
1.0,0.6738045313891489,9,0.1,0.9,2,0.5
1.0,0.6761284854014707,10,0.1,0.9,2,0.5
1.0,0.7005132905561241,1,0.25,0.9,2,0.5
1.0,0.6897385126670426,2,0.25,0.9,2,0.5
1.0,0.6858451415631638,3,0.25,0.9,2,0.5
1.0,0.6827099724360564,4,0.25,0.9,2,0.5
1.0,0.6810307794547352,5,0.25,0.9,2,0.5
1.0,0.6821209430018171,6,0.25,0.9,2,0.5
1.0,0.6993881149443811,7,0.25,0.9,2,0.5
1.0,0.6972848436236582,8,0.25,0.9,2,0.5
1.0,0.6999706476299021,9,0.25,0.9,2,0.5
1.0,0.7008943622385553,10,0.25,0.9,2,0.5
1.0,0.378148242119803,1,0.01,0.5,3,0.5
1.0,0.47288087008039753,2,0.01,0.5,3,0.5
1.0,0.46184655937738867,3,0.01,0.5,3,0.5
1.0,0.5619723377039907,4,0.01,0.5,3,0.5
1.0,0.6013717857530624,5,0.01,0.5,3,0.5
1.0,0.6183526122481299,6,0.01,0.5,3,0.5
1.0,0.6515421847136894,7,0.01,0.5,3,0.5
1.0,0.6459029675338264,8,0.01,0.5,3,0.5
1.0,0.6794752381719265,9,0.01,0.5,3,0.5
1.0,0.662012718796391,10,0.01,0.5,3,0.5
1.0,0.6640348394419884,1,0.1,0.5,3,0.5
1.0,0.7139997864599525,2,0.1,0.5,3,0.5
1.0,0.6878068164640625,3,0.1,0.5,3,0.5
1.0,0.6703936963986448,4,0.1,0.5,3,0.5
1.0,0.6638839080106187,5,0.1,0.5,3,0.5
1.0,0.6704547136688498,6,0.1,0.5,3,0.5
1.0,0.6757686480294904,7,0.1,0.5,3,0.5
1.0,0.6738688619951916,8,0.1,0.5,3,0.5
1.0,0.6723763268290917,9,0.1,0.5,3,0.5
1.0,0.6669590344555125,10,0.1,0.5,3,0.5
1.0,0.6568206626509886,1,0.25,0.5,3,0.5
1.0,0.6660297215016817,2,0.25,0.5,3,0.5
1.0,0.6518771911073733,3,0.25,0.5,3,0.5
1.0,0.6608970114870684,4,0.25,0.5,3,0.5
1.0,0.6741062361603741,5,0.25,0.5,3,0.5
1.0,0.6696036770312999,6,0.25,0.5,3,0.5
1.0,0.677110147103108,7,0.25,0.5,3,0.5
1.0,0.675717767570321,8,0.25,0.5,3,0.5
1.0,0.6776808334260431,9,0.25,0.5,3,0.5
1.0,0.6820793677706097,10,0.25,0.5,3,0.5
1.0,0.9839396701279594,1,0.01,0.75,3,0.5
1.0,0.8005706135739903,2,0.01,0.75,3,0.5
1.0,0.7666667638899689,3,0.01,0.75,3,0.5
1.0,0.7364839398502678,4,0.01,0.75,3,0.5
1.0,0.6666272367065852,5,0.01,0.75,3,0.5
1.0,0.6604620684248464,6,0.01,0.75,3,0.5
1.0,0.6499487637288646,7,0.01,0.75,3,0.5
1.0,0.6534100045276178,8,0.01,0.75,3,0.5
1.0,0.6782204236972543,9,0.01,0.75,3,0.5
1.0,0.6851151338110028,10,0.01,0.75,3,0.5
1.0,0.6217108674140339,1,0.1,0.75,3,0.5
1.0,0.6232899657257125,2,0.1,0.75,3,0.5
1.0,0.6518271816864133,3,0.1,0.75,3,0.5
1.0,0.6527047045892611,4,0.1,0.75,3,0.5
1.0,0.6491605326603105,5,0.1,0.75,3,0.5
1.0,0.6569701256324239,6,0.1,0.75,3,0.5
1.0,0.6524094822936416,7,0.1,0.75,3,0.5
1.0,0.6593337679623839,8,0.1,0.75,3,0.5
1.0,0.6599812089325389,9,0.1,0.75,3,0.5
1.0,0.6587943894400775,10,0.1,0.75,3,0.5
1.0,0.6774478728405356,1,0.25,0.75,3,0.5
1.0,0.6850407388910774,2,0.25,0.75,3,0.5
1.0,0.6806142957925285,3,0.25,0.75,3,0.5
1.0,0.6747991172776968,4,0.25,0.75,3,0.5
1.0,0.6769637381316785,5,0.25,0.75,3,0.5
1.0,0.678689559027514,6,0.25,0.75,3,0.5
1.0,0.6774201111507154,7,0.25,0.75,3,0.5
1.0,0.680017868174019,8,0.25,0.75,3,0.5
1.0,0.6880164420029308,9,0.25,0.75,3,0.5
1.0,0.6875125378218009,10,0.25,0.75,3,0.5
1.0,1.0827276675380864,1,0.01,0.9,3,0.5
1.0,0.8991768583045592,2,0.01,0.9,3,0.5
1.0,0.7546513887193126,3,0.01,0.9,3,0.5
1.0,0.7163105718863082,4,0.01,0.9,3,0.5
1.0,0.7322572032597481,5,0.01,0.9,3,0.5
1.0,0.7479181506727575,6,0.01,0.9,3,0.5
1.0,0.7367248631569637,7,0.01,0.9,3,0.5
1.0,0.7757058595495167,8,0.01,0.9,3,0.5
1.0,0.7724678063616299,9,0.01,0.9,3,0.5
1.0,0.7708612511465065,10,0.01,0.9,3,0.5
1.0,0.731314884021026,1,0.1,0.9,3,0.5
1.0,0.79119666310812,2,0.1,0.9,3,0.5
1.0,0.7449400717368664,3,0.1,0.9,3,0.5
1.0,0.7199991336113026,4,0.1,0.9,3,0.5
1.0,0.7025511254191564,5,0.1,0.9,3,0.5
1.0,0.6937379290469188,6,0.1,0.9,3,0.5
1.0,0.6734292625785331,7,0.1,0.9,3,0.5
1.0,0.6627532333892053,8,0.1,0.9,3,0.5
1.0,0.6778696921379245,9,0.1,0.9,3,0.5
1.0,0.6764364123332307,10,0.1,0.9,3,0.5
1.0,0.707147557512526,1,0.25,0.9,3,0.5
1.0,0.7014047804239607,2,0.25,0.9,3,0.5
1.0,0.6731352910922941,3,0.25,0.9,3,0.5
1.0,0.6651200877151804,4,0.25,0.9,3,0.5
1.0,0.6665304864808164,5,0.25,0.9,3,0.5
1.0,0.6671828517203805,6,0.25,0.9,3,0.5
1.0,0.6709952037125896,7,0.25,0.9,3,0.5
1.0,0.6714194874611714,8,0.25,0.9,3,0.5
1.0,0.6706935520147224,9,0.25,0.9,3,0.5
1.0,0.671225589527121,10,0.25,0.9,3,0.5
1.0,0.7915518092176517,1,0.01,0.5,4,0.5
1.0,0.722202120976279,2,0.01,0.5,4,0.5
1.0,0.7407441091254117,3,0.01,0.5,4,0.5
1.0,0.6970048988541738,4,0.01,0.5,4,0.5
1.0,0.6570734765725676,5,0.01,0.5,4,0.5
1.0,0.6393403499891808,6,0.01,0.5,4,0.5
1.0,0.6609927521980399,7,0.01,0.5,4,0.5
1.0,0.7172191732724121,8,0.01,0.5,4,0.5
1.0,0.7288727854121567,9,0.01,0.5,4,0.5
1.0,0.7181636045805386,10,0.01,0.5,4,0.5
1.0,0.6570541880709733,1,0.1,0.5,4,0.5
1.0,0.648649484223751,2,0.1,0.5,4,0.5
1.0,0.6301615400802378,3,0.1,0.5,4,0.5
1.0,0.6457551488601895,4,0.1,0.5,4,0.5
1.0,0.6722565010733921,5,0.1,0.5,4,0.5
1.0,0.6786071881977186,6,0.1,0.5,4,0.5
1.0,0.6675978089932773,7,0.1,0.5,4,0.5
1.0,0.6587128410886178,8,0.1,0.5,4,0.5
1.0,0.6610976167708862,9,0.1,0.5,4,0.5
1.0,0.6672270686501338,10,0.1,0.5,4,0.5
1.0,0.7955986910514724,1,0.25,0.5,4,0.5
1.0,0.7520741838468802,2,0.25,0.5,4,0.5
1.0,0.7103882987448543,3,0.25,0.5,4,0.5
1.0,0.7021175036681905,4,0.25,0.5,4,0.5
1.0,0.70265483198267,5,0.25,0.5,4,0.5
1.0,0.7044667328458742,6,0.25,0.5,4,0.5
1.0,0.7108102030062274,7,0.25,0.5,4,0.5
1.0,0.7135293512512508,8,0.25,0.5,4,0.5
1.0,0.7237726796420768,9,0.25,0.5,4,0.5
1.0,0.7250255439427075,10,0.25,0.5,4,0.5
1.0,0.8489225010378897,1,0.01,0.75,4,0.5
1.0,0.7229517797287555,2,0.01,0.75,4,0.5
1.0,0.7426399872372803,3,0.01,0.75,4,0.5
1.0,0.7825368637466672,4,0.01,0.75,4,0.5
1.0,0.780739776207862,5,0.01,0.75,4,0.5
1.0,0.7835138673561043,6,0.01,0.75,4,0.5
1.0,0.744029411046037,7,0.01,0.75,4,0.5
1.0,0.7352737864535839,8,0.01,0.75,4,0.5
1.0,0.7322784938531682,9,0.01,0.75,4,0.5
1.0,0.7591941795621578,10,0.01,0.75,4,0.5
1.0,0.7798898540923377,1,0.1,0.75,4,0.5
1.0,0.7408967363369091,2,0.1,0.75,4,0.5
1.0,0.724871432652994,3,0.1,0.75,4,0.5
1.0,0.7126493059266034,4,0.1,0.75,4,0.5
1.0,0.7063254191898891,5,0.1,0.75,4,0.5
1.0,0.7107528016511281,6,0.1,0.75,4,0.5
1.0,0.7286784414630876,7,0.1,0.75,4,0.5
1.0,0.7266864535331911,8,0.1,0.75,4,0.5
1.0,0.7309235605849964,9,0.1,0.75,4,0.5
1.0,0.7307277344594741,10,0.1,0.75,4,0.5
1.0,0.7675787976054201,1,0.25,0.75,4,0.5
1.0,0.7089474130574186,2,0.25,0.75,4,0.5
1.0,0.6903920106157169,3,0.25,0.75,4,0.5
1.0,0.6957930595384572,4,0.25,0.75,4,0.5
1.0,0.6967540065967854,5,0.25,0.75,4,0.5
1.0,0.6989337169572591,6,0.25,0.75,4,0.5
1.0,0.6992155633461313,7,0.25,0.75,4,0.5
1.0,0.6998485549835763,8,0.25,0.75,4,0.5
1.0,0.6963370108197195,9,0.25,0.75,4,0.5
1.0,0.7009542818914254,10,0.25,0.75,4,0.5
1.0,0.5078499953642359,1,0.01,0.9,4,0.5
1.0,0.6030941041978733,2,0.01,0.9,4,0.5
1.0,0.7470936800416382,3,0.01,0.9,4,0.5
1.0,0.7645617914205741,4,0.01,0.9,4,0.5
1.0,0.715872719495355,5,0.01,0.9,4,0.5
1.0,0.682641684625161,6,0.01,0.9,4,0.5
1.0,0.6713229833822031,7,0.01,0.9,4,0.5
1.0,0.6618951621553185,8,0.01,0.9,4,0.5
1.0,0.6446653025774859,9,0.01,0.9,4,0.5
1.0,0.6583763818859202,10,0.01,0.9,4,0.5
1.0,0.7737179208846342,1,0.1,0.9,4,0.5
1.0,0.756190256714626,2,0.1,0.9,4,0.5
1.0,0.7283637547571261,3,0.1,0.9,4,0.5
1.0,0.7236751936879483,4,0.1,0.9,4,0.5
1.0,0.7200416122663902,5,0.1,0.9,4,0.5
1.0,0.7120573325845535,6,0.1,0.9,4,0.5
1.0,0.7065286931425973,7,0.1,0.9,4,0.5
1.0,0.7050955044611648,8,0.1,0.9,4,0.5
1.0,0.7013195670654131,9,0.1,0.9,4,0.5
1.0,0.6884064956169138,10,0.1,0.9,4,0.5
1.0,0.6833506168893272,1,0.25,0.9,4,0.5
1.0,0.6908410369980756,2,0.25,0.9,4,0.5
1.0,0.6878504882053779,3,0.25,0.9,4,0.5
1.0,0.6972091074485698,4,0.25,0.9,4,0.5
1.0,0.6987065767479065,5,0.25,0.9,4,0.5
1.0,0.6979278546191181,6,0.25,0.9,4,0.5
1.0,0.6935917987668018,7,0.25,0.9,4,0.5
1.0,0.6911904683119061,8,0.25,0.9,4,0.5
1.0,0.6989480564172393,9,0.25,0.9,4,0.5
1.0,0.6996068473679782,10,0.25,0.9,4,0.5
1.0,0.8791892682408048,1,0.01,0.5,5,0.5
1.0,0.8113906920123666,2,0.01,0.5,5,0.5
1.0,0.7425878732991864,3,0.01,0.5,5,0.5
1.0,0.7058991370827774,4,0.01,0.5,5,0.5
1.0,0.7115038692201912,5,0.01,0.5,5,0.5
1.0,0.6907122906077364,6,0.01,0.5,5,0.5
1.0,0.7062388137111351,7,0.01,0.5,5,0.5
1.0,0.6907888470006709,8,0.01,0.5,5,0.5
1.0,0.7049300213216491,9,0.01,0.5,5,0.5
1.0,0.6747747180474033,10,0.01,0.5,5,0.5
1.0,0.6305018770817684,1,0.1,0.5,5,0.5
1.0,0.6584118554746935,2,0.1,0.5,5,0.5
1.0,0.6880217274098424,3,0.1,0.5,5,0.5
1.0,0.6750023092315046,4,0.1,0.5,5,0.5
1.0,0.6633194211782847,5,0.1,0.5,5,0.5
1.0,0.6657897820049994,6,0.1,0.5,5,0.5
1.0,0.6640326992447706,7,0.1,0.5,5,0.5
1.0,0.66651836165829,8,0.1,0.5,5,0.5
1.0,0.6680159623850962,9,0.1,0.5,5,0.5
1.0,0.67217938584683,10,0.1,0.5,5,0.5
1.0,0.6753179680371698,1,0.25,0.5,5,0.5
1.0,0.7085585946175624,2,0.25,0.5,5,0.5
1.0,0.7008456919416012,3,0.25,0.5,5,0.5
1.0,0.6912488660327897,4,0.25,0.5,5,0.5
1.0,0.6947921506798455,5,0.25,0.5,5,0.5
1.0,0.6963321496693882,6,0.25,0.5,5,0.5
1.0,0.6931622817735501,7,0.25,0.5,5,0.5
1.0,0.6911068661368835,8,0.25,0.5,5,0.5
1.0,0.6876505372306189,9,0.25,0.5,5,0.5
1.0,0.6909420050981061,10,0.25,0.5,5,0.5
1.0,0.9134068940271849,1,0.01,0.75,5,0.5
1.0,0.805008958660237,2,0.01,0.75,5,0.5
1.0,0.8523975177879367,3,0.01,0.75,5,0.5
1.0,0.8204239563883774,4,0.01,0.75,5,0.5
1.0,0.7824078417515637,5,0.01,0.75,5,0.5
1.0,0.7294708425135769,6,0.01,0.75,5,0.5
1.0,0.7209692555284567,7,0.01,0.75,5,0.5
1.0,0.6796330539803582,8,0.01,0.75,5,0.5
1.0,0.7167216524210066,9,0.01,0.75,5,0.5
1.0,0.7220576898509736,10,0.01,0.75,5,0.5
1.0,0.6774426279873109,1,0.1,0.75,5,0.5
1.0,0.6803277715605475,2,0.1,0.75,5,0.5
1.0,0.6603679577081968,3,0.1,0.75,5,0.5
1.0,0.6657658527562499,4,0.1,0.75,5,0.5
1.0,0.6817509167077924,5,0.1,0.75,5,0.5
1.0,0.6682107132980416,6,0.1,0.75,5,0.5
1.0,0.6781743652024078,7,0.1,0.75,5,0.5
1.0,0.6918316484796024,8,0.1,0.75,5,0.5
1.0,0.6971489362283417,9,0.1,0.75,5,0.5
1.0,0.696488258064453,10,0.1,0.75,5,0.5
1.0,0.6564887910754447,1,0.25,0.75,5,0.5
1.0,0.6771809243363818,2,0.25,0.75,5,0.5
1.0,0.688602751324892,3,0.25,0.75,5,0.5
1.0,0.6932519663117143,4,0.25,0.75,5,0.5
1.0,0.7026191693038099,5,0.25,0.75,5,0.5
1.0,0.7030419882555794,6,0.25,0.75,5,0.5
1.0,0.7005754862101964,7,0.25,0.75,5,0.5
1.0,0.6951621406179914,8,0.25,0.75,5,0.5
1.0,0.6993305659094097,9,0.25,0.75,5,0.5
1.0,0.7016071358196129,10,0.25,0.75,5,0.5
1.0,0.6718660204443384,1,0.01,0.9,5,0.5
1.0,0.8023153939647465,2,0.01,0.9,5,0.5
1.0,0.7280857980586846,3,0.01,0.9,5,0.5
1.0,0.7277011070462972,4,0.01,0.9,5,0.5
1.0,0.7911814358269298,5,0.01,0.9,5,0.5
1.0,0.7584544851855191,6,0.01,0.9,5,0.5
1.0,0.7505381099199682,7,0.01,0.9,5,0.5
1.0,0.7424157780969693,8,0.01,0.9,5,0.5
1.0,0.7866538162352243,9,0.01,0.9,5,0.5
1.0,0.7806186871856547,10,0.01,0.9,5,0.5
1.0,0.6113397836238207,1,0.1,0.9,5,0.5
1.0,0.6958897215596176,2,0.1,0.9,5,0.5
1.0,0.6847218159841516,3,0.1,0.9,5,0.5
1.0,0.7161758117889728,4,0.1,0.9,5,0.5
1.0,0.708489022240944,5,0.1,0.9,5,0.5
1.0,0.6890594458510729,6,0.1,0.9,5,0.5
1.0,0.6891850504861848,7,0.1,0.9,5,0.5
1.0,0.686733971144723,8,0.1,0.9,5,0.5
1.0,0.6786070556357162,9,0.1,0.9,5,0.5
1.0,0.6879699155349158,10,0.1,0.9,5,0.5
1.0,0.6749455560512244,1,0.25,0.9,5,0.5
1.0,0.7154041423292755,2,0.25,0.9,5,0.5
1.0,0.7179491085634507,3,0.25,0.9,5,0.5
1.0,0.7193445561343972,4,0.25,0.9,5,0.5
1.0,0.7152271770899894,5,0.25,0.9,5,0.5
1.0,0.7096114715644752,6,0.25,0.9,5,0.5
1.0,0.7059580573113257,7,0.25,0.9,5,0.5
1.0,0.7044652335817488,8,0.25,0.9,5,0.5
1.0,0.7057682399755995,9,0.25,0.9,5,0.5
1.0,0.7076977338125091,10,0.25,0.9,5,0.5
