has_account,duration,existing_credits_paid,for_TV_or_radio,credit_amount,savings_below_100_DM,employed_1_to_4_years,installment_rate,is_male,has_debtors_or_guarantors,residence_since,has_car_or_other_property,age,has_installment_plans,owns_house,num_existing_credits,is_skilled_employee_or_official,people_liable_for,has_telephone,is_foreign_worker,risk
1,6,0,1,1169,0,0,4,1,0,4,0,67,0,1,2,1,1,1,1,1
1,48,1,1,5951,1,1,2,0,0,2,0,22,0,1,1,1,1,0,1,0
0,12,0,0,2096,1,0,2,1,0,3,0,49,0,1,1,0,2,0,1,1
1,42,1,0,7882,1,0,2,1,1,4,0,45,0,0,1,1,2,0,1,1
1,24,0,0,4870,1,1,3,1,0,4,0,53,0,0,2,1,2,0,1,0
0,36,1,0,9055,0,1,2,1,0,4,0,35,0,0,1,0,2,1,1,1
0,24,1,0,2835,0,0,3,1,0,4,0,53,0,1,1,1,1,0,1,1
1,36,1,0,6948,1,1,2,1,0,2,1,35,0,0,1,0,1,1,1,1
0,12,1,1,3059,0,0,2,1,0,4,0,61,0,1,1,0,1,0,1,1
1,30,0,0,5234,1,0,4,1,0,2,1,28,0,1,2,0,1,0,1,0
1,12,1,0,1295,1,0,3,0,0,1,1,25,0,0,1,1,1,0,1,0
1,48,1,0,4308,1,0,3,0,0,4,0,24,0,0,1,1,1,0,1,0
1,12,1,1,1567,1,1,1,0,0,1,1,22,0,1,1,1,1,1,1,1
1,24,0,0,1199,1,0,4,1,0,4,1,60,0,1,2,0,1,0,1,0
1,15,1,0,1403,1,1,2,0,0,4,1,28,0,0,1,1,1,0,1,1
1,24,1,1,1282,0,1,4,0,0,2,1,32,0,1,1,0,1,0,1,0
0,24,0,1,2424,0,0,4,1,0,4,0,53,0,1,2,1,1,0,1,1
1,30,0,0,8072,0,0,2,1,0,3,1,25,1,1,3,1,1,0,1,1
1,24,1,0,12579,1,0,4,0,0,2,0,44,0,0,1,0,1,1,1,0
0,24,1,1,3430,0,0,3,1,0,2,1,31,0,1,1,1,2,1,1,1
0,9,0,0,2134,1,1,4,1,0,4,1,48,0,1,3,1,1,1,1,1
1,6,1,1,2647,0,1,2,1,0,3,0,44,0,0,1,1,2,0,1,1
1,10,0,0,2241,1,0,1,1,0,3,0,48,0,0,2,0,2,0,0,1
1,12,0,0,1804,0,0,3,1,0,4,0,44,0,1,1,1,1,0,1,1
0,10,0,0,2069,0,1,2,1,0,1,1,26,0,1,2,1,1,0,0,1
1,6,1,0,1374,1,1,1,1,0,2,0,36,1,1,1,0,1,1,1,1
0,6,0,1,426,1,0,4,1,0,4,1,39,0,1,1,0,1,0,1,1
1,12,0,1,409,0,1,3,0,0,3,0,42,0,0,2,1,1,0,1,1
1,7,1,1,2415,1,1,3,1,1,2,0,34,0,1,1,1,1,0,1,1
1,60,0,0,6836,1,0,3,1,0,4,0,63,0,1,2,1,1,1,1,0
1,18,1,0,1913,0,0,3,1,0,3,0,36,1,1,1,1,1,1,1,1
1,24,1,0,4020,1,1,2,1,0,2,1,27,1,1,1,1,1,0,1,1
1,18,1,0,5866,0,1,2,1,0,2,1,30,0,1,2,1,1,1,1,1
0,12,0,0,1264,0,0,4,1,0,4,0,57,0,0,1,0,1,0,1,1
1,12,1,0,1474,1,0,4,0,0,1,0,33,1,1,1,0,1,1,1,1
1,45,0,1,4746,1,0,4,1,0,2,0,25,0,1,2,0,1,0,1,0
0,48,0,0,6110,1,1,1,1,0,3,0,31,1,0,1,1,1,1,1,1
1,18,1,1,2100,1,1,4,1,1,2,0,37,1,1,1,1,1,0,1,0
1,10,1,0,1225,1,1,2,1,0,2,1,37,0,1,1,1,1,1,1,1
1,9,1,1,458,1,1,4,1,0,3,0,24,0,1,1,1,1,0,1,1
0,30,1,1,2333,0,0,4,1,0,2,1,30,1,1,1,0,1,0,1,1
1,12,1,1,1158,0,1,3,1,0,1,1,26,0,1,1,1,1,1,1,1
1,18,0,0,6204,1,1,2,1,0,4,0,44,0,1,1,0,2,1,1,1
1,30,0,0,6187,0,0,1,1,0,4,1,24,0,0,2,1,1,0,1,1
1,48,0,0,6143,1,0,4,0,0,4,0,58,1,0,2,0,1,0,1,0
0,11,0,0,1393,1,0,4,0,0,4,1,35,0,1,2,0,1,0,1,1
0,36,1,1,2299,0,0,4,1,0,4,1,39,0,1,1,1,1,0,1,1
1,6,1,0,1352,0,0,1,0,0,2,0,23,0,0,1,0,1,1,1,1
0,11,0,0,7228,1,1,1,1,0,4,0,39,0,1,2,0,1,0,1,1
0,12,1,1,2073,0,1,4,0,1,2,0,28,0,1,1,1,1,0,1,1
1,24,0,0,2333,0,0,4,1,0,2,0,29,1,1,1,0,1,0,1,1
1,27,0,0,5965,1,0,1,1,0,2,1,30,0,1,2,0,1,1,1,1
0,12,1,1,1262,1,1,3,1,0,2,1,25,0,1,1,1,1,0,1,1
0,18,1,0,3378,0,1,2,1,0,1,0,31,0,1,1,1,1,1,1,1
1,36,0,0,2225,1,0,4,1,0,4,0,57,1,0,2,1,1,1,1,0
0,6,0,0,783,0,1,1,1,1,2,0,26,1,1,1,0,2,0,1,1
1,12,1,1,6468,0,0,2,1,0,1,0,52,0,1,1,0,1,1,1,0
0,36,0,1,9566,1,1,2,0,0,2,1,31,1,1,2,1,1,0,1,1
1,18,1,0,1961,1,0,3,0,0,2,1,23,0,1,1,0,1,0,1,1
1,36,0,0,6229,1,0,4,0,1,4,0,23,0,0,2,0,1,1,1,0
1,9,1,0,1391,1,1,2,1,0,1,0,27,1,1,1,1,1,1,1,1
1,15,0,1,1537,0,0,4,1,1,4,0,50,0,1,2,1,1,1,1,1
1,36,0,0,1953,1,0,4,1,0,4,0,61,0,0,1,0,1,1,1,0
1,48,0,0,14421,1,1,2,1,0,2,1,25,0,1,1,1,1,1,1,0
0,24,1,1,3181,1,0,4,0,0,4,0,26,0,1,1,1,1,1,1,1
0,27,1,0,5190,0,0,4,1,0,4,0,48,0,1,4,1,2,1,1,1
0,12,1,1,2171,1,0,2,0,0,2,1,29,1,1,1,1,1,0,1,1
1,12,1,0,1007,0,1,4,1,0,1,0,22,0,1,1,1,1,0,1,1
0,36,1,0,1819,1,1,4,1,0,4,0,37,1,0,1,1,1,1,1,0
0,36,1,1,2394,0,1,4,0,0,4,1,25,0,1,1,1,1,0,1,1
0,36,1,0,8133,1,1,1,0,0,2,0,30,1,1,1,1,1,0,1,1
0,7,0,1,730,0,0,4,1,0,2,0,46,0,0,2,0,1,1,1,1
1,8,0,0,1164,1,0,3,1,0,4,0,51,1,0,2,0,2,1,1,1
1,42,0,0,5954,1,0,2,0,0,1,0,41,1,1,2,0,1,0,1,1
1,36,1,0,1977,0,0,4,1,0,4,0,40,0,1,1,0,1,1,1,0
1,12,0,0,1526,1,0,4,1,0,4,0,66,0,0,2,0,1,0,1,1
1,42,1,1,3965,1,0,4,1,0,3,1,34,0,1,1,1,1,0,1,0
1,11,0,1,4771,1,0,2,1,0,4,0,51,0,1,1,1,1,0,1,1
0,54,0,0,9436,0,1,2,1,0,2,0,39,0,1,1,0,2,0,1,1
1,30,1,0,3832,1,0,2,1,0,1,0,22,0,1,1,1,1,0,1,1
0,24,1,1,5943,0,0,1,0,0,1,1,44,0,1,2,1,1,1,1,0
0,15,1,1,1213,0,0,4,1,0,3,0,47,1,1,1,1,1,1,1,1
0,18,1,0,1568,0,1,3,0,0,4,0,24,0,0,1,0,1,0,1,1
1,24,1,0,1755,1,0,4,0,1,4,0,58,0,1,1,0,1,1,1,1
1,10,1,1,2315,1,0,3,1,0,4,0,52,0,1,1,0,1,0,1,1
0,12,0,0,1412,1,1,4,0,1,2,0,29,0,1,2,0,1,1,1,1
1,18,0,0,1295,1,0,4,0,0,1,0,27,0,1,2,1,1,0,1,1
1,36,1,0,12612,0,1,1,1,0,4,0,47,0,0,1,1,2,1,1,0
1,18,1,0,2249,0,0,4,1,0,3,1,30,0,1,1,0,2,1,1,1
1,12,0,0,1108,1,0,4,1,0,3,0,28,0,1,2,1,1,0,1,0
0,12,0,1,618,1,0,4,1,0,4,0,56,0,1,1,1,1,0,1,1
1,12,0,0,1409,1,0,4,1,0,3,0,54,0,1,1,1,1,0,1,1
0,12,0,1,797,0,0,4,0,0,3,0,33,1,1,1,0,2,0,1,0
1,24,0,0,3617,0,0,4,1,1,4,0,20,0,0,2,1,1,0,1,1
1,12,1,0,1318,0,0,4,1,0,4,0,54,0,1,1,1,1,1,1,1
1,54,0,0,15945,1,0,3,1,0,4,0,58,0,0,1,1,1,1,1,0
0,12,0,0,2012,0,0,4,0,0,2,1,61,0,1,1,1,1,0,1,1
1,18,1,0,2622,0,1,4,1,0,4,1,34,0,1,1,1,1,0,1,1
1,36,0,1,2337,1,0,4,1,0,4,0,36,0,1,1,1,1,0,1,1
1,20,0,0,7057,0,0,3,1,0,4,0,36,1,0,2,0,2,1,1,1
0,24,1,0,1469,0,0,4,1,0,4,0,41,0,0,1,0,1,0,1,1
1,36,1,1,2323,1,0,4,1,0,4,1,24,0,0,1,1,1,0,1,1
0,6,0,1,932,1,1,3,0,0,2,0,24,0,1,1,1,1,0,1,1
1,9,0,0,1919,1,0,4,1,0,3,1,35,0,0,1,1,1,1,1,1
0,12,1,0,2445,0,0,2,1,0,4,1,26,0,0,1,1,1,1,1,1
1,24,0,0,11938,1,1,2,1,1,3,1,39,0,1,2,0,2,1,1,0
0,18,0,0,6458,1,0,2,1,0,4,0,39,1,1,2,0,2,1,1,0
1,12,1,0,6078,1,0,2,1,0,2,1,32,0,1,1,1,1,0,1,1
1,24,1,0,7721,0,0,1,0,0,2,0,30,0,1,1,1,1,1,0,1
1,14,1,0,1410,0,0,1,1,0,2,0,35,0,1,1,1,1,1,1,1
1,6,0,0,1449,0,0,1,1,0,2,1,31,1,1,2,1,2,0,1,1
1,15,1,0,392,1,0,4,0,0,4,0,23,0,0,1,1,1,1,1,1
1,18,1,0,6260,1,0,3,1,0,3,0,28,0,0,1,0,1,0,1,1
0,36,0,0,7855,1,1,4,0,0,2,0,25,1,1,2,1,1,1,1,0
1,12,1,1,1680,0,0,3,1,0,1,0,35,0,1,1,1,1,0,1,1
0,48,0,1,3578,0,0,4,1,0,1,0,47,0,1,1,1,1,1,1,1
1,42,1,1,7174,0,0,4,0,0,3,1,30,0,1,1,0,1,1,1,0
1,10,0,0,2132,0,0,2,0,1,3,0,27,0,0,2,1,1,0,0,1
1,33,0,0,4281,0,1,1,0,0,4,1,23,0,1,2,1,1,0,1,0
1,12,0,0,2366,0,0,3,1,0,3,1,36,0,1,1,0,1,1,1,1
1,21,1,1,1835,1,1,3,0,0,2,0,25,0,1,2,1,1,1,1,0
0,24,0,0,3868,1,0,4,0,0,2,1,41,0,0,2,0,1,1,1,1
0,12,1,0,1768,1,1,3,1,0,2,0,24,0,0,1,0,1,0,1,1
1,10,0,0,781,1,0,4,1,0,4,0,63,0,0,2,1,1,1,1,1
1,18,1,0,1924,0,0,4,0,0,3,0,27,0,0,1,1,1,0,1,0
1,12,0,0,2121,1,1,4,1,0,2,0,30,0,1,2,1,1,0,1,1
1,12,1,1,701,1,1,4,1,0,2,0,40,0,1,1,0,1,0,1,1
1,12,1,0,639,1,1,4,1,0,2,1,30,0,1,1,1,1,0,1,0
1,12,0,0,1860,1,0,4,1,0,2,1,34,0,1,2,0,1,1,1,1
1,12,0,0,3499,1,1,3,0,1,2,0,29,0,1,2,1,1,0,1,0
1,48,1,0,8487,0,0,1,0,0,2,1,24,0,1,1,1,1,0,1,1
1,36,0,0,6887,1,1,4,1,0,3,0,29,1,1,1,1,1,1,1,0
0,15,1,0,2708,1,0,2,1,0,3,0,27,1,1,2,0,1,0,1,1
0,18,1,0,1984,1,1,4,1,0,4,0,47,1,0,2,1,1,0,1,1
0,60,1,1,10144,0,0,2,0,0,4,0,21,0,1,1,1,1,1,1,1
0,12,0,1,1240,0,0,4,0,0,2,0,38,0,1,2,1,1,1,1,1
0,27,0,0,8613,0,1,2,1,0,2,1,27,0,1,2,1,1,0,1,1
1,12,1,1,766,0,1,4,1,0,3,0,66,0,1,1,0,1,0,1,0
1,15,0,1,2728,0,0,4,1,1,2,0,35,1,1,3,1,1,1,1,1
1,12,1,1,1881,1,1,2,0,0,2,1,44,0,0,1,0,1,1,1,1
1,6,1,0,709,0,0,2,1,0,2,0,27,0,1,1,0,1,0,0,1
1,36,1,1,4795,1,0,4,0,0,1,0,30,0,1,1,0,1,1,1,1
1,27,1,1,3416,1,1,3,1,0,2,1,27,0,1,1,0,1,0,1,1
1,18,1,0,2462,1,1,2,1,0,2,1,22,0,1,1,1,1,0,1,0
0,21,0,0,2288,1,0,4,0,0,4,0,23,0,1,1,1,1,1,1,1
1,48,0,0,3566,0,0,4,1,0,2,1,30,0,1,1,1,1,0,1,1
1,6,0,0,860,1,0,1,0,0,4,0,39,0,1,2,1,1,1,1,1
0,12,0,0,682,0,0,4,0,0,3,1,51,0,1,2,1,1,1,1,1
1,36,0,0,5371,1,1,3,1,1,2,0,28,0,1,2,1,1,0,1,1
0,18,0,1,1582,0,0,4,1,0,4,1,46,0,1,2,1,1,0,1,1
0,6,1,1,1346,0,0,2,1,0,4,0,42,1,0,1,1,2,1,1,1
0,10,1,1,1924,1,1,1,1,0,4,0,38,0,1,1,1,1,1,0,1
1,36,1,1,5848,1,1,4,1,0,1,1,24,0,1,1,1,1,0,1,1
1,24,0,0,7758,0,0,2,0,0,4,0,29,0,0,1,1,1,0,1,1
1,24,0,0,6967,0,0,4,1,0,4,1,36,0,0,1,0,1,1,1,1
1,12,1,0,1282,1,1,2,0,0,4,1,20,0,0,1,1,1,0,1,0
1,9,0,0,1288,0,0,3,1,1,4,0,48,0,1,2,1,2,0,0,1
1,12,0,0,339,1,0,4,1,0,1,1,45,1,1,1,0,1,0,1,1
1,24,1,0,3512,0,0,2,1,0,3,1,38,1,1,2,1,1,1,1,1
0,6,0,1,1898,0,1,1,1,0,2,0,34,0,1,2,0,2,0,1,1
0,24,0,1,2872,0,0,3,1,0,4,0,36,0,1,1,1,2,1,1,1
0,18,0,0,1055,1,0,4,0,0,1,0,30,0,1,2,1,1,0,1,1
0,15,1,0,1262,0,0,4,1,0,3,0,36,0,1,2,1,1,1,1,1
1,10,1,0,7308,1,0,2,1,0,4,0,70,1,0,1,0,1,1,1,1
0,36,1,0,909,0,0,4,1,0,4,0,36,0,1,1,1,1,0,1,1
0,6,1,0,2978,0,1,1,1,0,2,1,32,0,1,1,1,1,1,1,1
1,18,1,0,1131,1,0,4,0,0,2,1,33,0,1,1,1,1,0,1,0
1,11,1,0,1577,0,0,4,0,0,1,0,20,0,1,1,1,1,0,1,1
0,24,1,0,3972,1,0,2,0,0,4,0,25,0,0,1,1,1,1,1,1
1,24,0,0,1935,1,0,4,1,0,4,0,31,0,1,2,1,1,1,1,0
1,15,0,0,950,1,0,4,1,0,3,1,33,0,0,2,1,2,0,1,0
0,12,1,0,763,1,1,4,0,0,1,0,26,0,1,1,1,1,1,1,1
1,24,0,0,2064,1,0,3,0,0,2,0,34,0,1,1,0,1,1,1,0
1,8,1,1,1414,1,1,4,1,1,2,0,33,0,1,1,1,1,0,0,1
1,21,0,0,3414,1,0,2,1,0,1,0,26,0,1,2,1,1,0,1,0
0,30,0,0,7485,0,0,4,0,0,1,0,53,1,1,1,0,1,1,1,0
1,12,1,0,2577,1,1,2,1,0,1,1,42,0,1,1,1,1,0,1,1
1,6,0,1,338,0,0,4,1,0,4,1,52,0,1,2,1,1,0,1,1
0,12,1,1,1963,1,0,4,1,0,2,1,31,0,0,2,0,2,1,1,1
1,21,0,0,571,1,0,4,1,0,4,0,65,0,1,2,1,1,0,1,1
0,36,0,0,9572,1,0,1,1,0,1,1,28,0,1,2,1,1,0,1,0
1,36,0,0,4455,1,1,2,1,0,2,0,30,1,1,2,0,1,1,1,0
1,21,0,0,1647,0,1,4,1,0,2,0,40,0,1,2,0,2,0,1,0
0,24,0,0,3777,0,1,4,1,0,4,0,50,0,1,1,1,1,1,1,1
1,18,0,0,884,1,0,4,1,0,4,1,36,1,1,1,1,2,1,1,0
0,15,0,1,1360,1,1,4,1,0,2,0,31,0,1,2,1,1,0,1,1
1,9,0,0,5129,1,0,2,0,0,4,0,74,1,0,1,0,2,1,1,0
1,16,0,0,1175,1,0,2,1,0,3,1,68,0,0,3,0,1,1,1,1
1,12,1,1,674,0,0,4,1,0,1,0,20,0,1,1,1,1,0,1,0
1,18,0,0,3244,1,1,1,0,0,4,1,33,1,1,2,1,1,1,1,1
0,24,1,0,4591,0,1,2,1,0,3,0,54,0,1,3,0,1,1,1,0
1,48,0,0,3844,0,0,4,1,0,4,0,34,0,0,1,0,2,0,1,0
1,27,1,0,3915,1,1,4,1,0,2,1,36,0,1,1,1,2,1,1,0
0,6,1,1,2108,1,0,2,1,0,2,0,29,0,0,1,1,1,0,1,1
1,45,1,1,3031,0,1,4,1,1,4,0,21,0,0,1,1,1,0,1,0
1,9,0,0,1501,1,0,2,0,0,3,1,34,0,1,2,0,1,1,1,0
0,6,0,1,1382,1,1,1,0,0,1,1,28,0,1,2,1,1,1,1,1
1,12,1,0,951,0,0,4,0,0,4,1,27,1,0,4,1,1,0,1,0
1,24,1,0,2760,0,0,4,1,0,4,0,36,1,0,1,1,1,1,1,1
1,18,0,0,4297,1,0,4,1,0,3,0,40,0,1,1,0,1,1,1,0
0,9,0,0,936,0,0,4,1,0,2,1,52,0,1,2,1,1,1,1,1
1,12,1,0,1168,1,1,4,1,0,3,0,27,0,1,1,0,1,0,1,1
0,27,0,0,5117,1,0,3,1,0,4,1,26,0,1,2,1,1,0,1,1
1,12,1,0,902,1,0,4,1,0,4,0,21,0,0,1,1,1,0,1,0
0,12,0,0,1495,1,0,4,1,0,1,0,38,0,1,2,0,2,0,1,1
1,30,0,0,10623,1,0,3,1,0,4,0,38,0,0,3,0,2,1,1,1
0,12,0,0,1935,1,0,4,1,0,4,0,43,0,1,3,1,1,1,1,1
1,12,0,0,1424,1,0,4,1,0,3,0,26,0,1,1,1,1,0,1,1
1,24,1,0,6568,1,1,2,1,0,2,1,21,1,1,1,0,1,0,1,1
0,12,1,0,1413,0,0,3,1,0,2,0,55,0,1,1,1,1,0,0,1
0,9,0,1,3074,0,1,1,1,0,2,0,33,0,1,2,1,2,0,1,1
0,36,1,1,3835,0,0,2,0,0,4,0,45,0,1,1,0,1,1,1,1
1,27,0,0,5293,1,0,2,1,0,4,0,50,1,1,2,1,1,1,1,0
1,30,0,0,1908,1,0,4,1,0,4,0,66,0,1,1,0,1,1,1,0
0,36,0,1,3342,0,0,4,1,0,2,1,51,0,1,1,1,1,1,1,1
1,6,0,0,932,0,0,1,0,0,3,0,39,0,1,2,0,1,0,1,1
1,18,0,0,3104,1,0,3,1,0,1,0,31,1,1,1,1,1,1,1,1
1,36,1,1,3913,1,1,2,1,0,2,0,23,0,1,1,1,1,1,1,1
1,24,1,0,3021,1,1,2,1,0,2,0,24,0,0,1,0,1,0,1,1
0,10,1,0,1364,1,1,2,0,0,4,1,64,0,1,1,1,1,1,1,1
1,12,1,1,625,1,0,4,1,1,1,0,26,1,1,1,0,1,0,1,1
1,12,1,0,1200,0,1,4,0,0,4,0,23,1,0,1,1,1,1,1,1
0,12,1,1,707,1,1,4,1,0,2,0,30,1,1,2,1,1,0,1,1
0,24,0,0,2978,0,1,4,1,0,4,0,32,0,1,2,1,2,1,1,1
0,15,1,0,4657,1,1,3,1,0,2,1,30,0,1,1,1,1,1,1,1
0,36,0,0,2613,1,1,4,1,0,2,1,27,0,1,2,1,1,0,1,1
1,48,1,1,10961,0,0,1,1,1,2,0,27,1,1,2,1,1,1,1,0
1,12,1,0,7865,1,0,4,1,0,4,0,53,0,0,1,0,1,1,1,0
0,9,1,1,1478,1,0,4,1,0,2,1,22,0,1,1,1,1,0,1,0
1,24,1,0,3149,1,0,4,1,0,1,0,22,1,0,1,1,1,0,1,1
1,36,1,1,4210,1,1,4,1,0,2,1,26,0,1,1,1,1,0,1,0
0,9,1,0,2507,0,0,2,1,0,4,0,51,0,0,1,0,1,0,1,1
0,12,1,1,2141,0,0,3,1,0,1,0,35,0,1,1,1,1,0,1,1
1,18,1,1,866,1,1,4,1,1,2,0,25,0,1,1,0,1,0,1,1
0,4,0,1,1544,1,0,2,1,0,1,0,42,0,1,3,0,2,0,1,1
1,24,1,1,1823,1,0,4,1,0,2,1,30,1,1,1,0,2,0,1,0
1,6,1,0,14555,0,0,1,1,0,2,0,23,0,1,1,0,1,1,1,0
1,21,1,0,2767,0,0,4,1,0,2,1,61,1,0,2,0,1,0,1,0
0,12,0,1,1291,1,1,4,0,0,2,0,35,0,1,2,1,1,0,1,1
1,30,1,1,2522,1,0,1,1,1,3,0,39,0,1,1,1,2,0,1,1
1,24,1,0,915,0,0,4,0,0,2,1,29,1,1,1,1,1,0,1,0
0,6,1,1,1595,1,0,3,1,0,2,0,51,0,1,1,1,2,0,1,1
1,48,0,0,4605,1,0,3,1,0,4,0,24,0,0,2,1,2,0,1,0
0,12,0,0,1185,1,1,3,0,0,2,0,27,0,1,2,1,1,0,1,1
0,12,0,0,3447,0,1,4,0,0,3,0,35,0,1,1,0,2,0,1,1
0,24,1,0,1258,1,0,4,1,0,1,0,25,0,1,1,1,1,1,1,1
0,12,0,1,717,1,0,4,1,0,4,0,52,0,1,3,1,1,0,1,1
0,6,0,0,1204,0,1,4,1,0,1,0,35,1,0,1,1,1,0,0,1
1,24,1,0,1925,1,1,2,1,0,2,0,26,0,1,1,1,1,0,1,1
0,18,1,1,433,1,0,3,0,1,4,0,22,0,0,1,1,1,0,1,0
1,6,0,0,666,0,0,3,0,0,4,0,39,0,1,2,0,1,1,1,1
1,12,1,0,2251,1,1,1,0,0,2,1,46,0,1,1,0,1,0,1,1
1,30,1,0,2150,1,1,4,0,1,2,0,24,1,1,1,1,1,0,1,0
0,24,0,0,4151,0,1,2,1,0,3,0,35,0,1,2,1,1,0,1,1
1,9,1,0,2030,0,0,2,1,0,1,1,24,0,1,1,1,1,1,1,1
1,60,0,1,7418,0,1,1,1,0,1,0,27,0,1,1,0,1,0,1,1
0,24,0,1,2684,1,1,4,1,0,2,0,35,0,1,2,0,1,0,1,1
1,12,0,1,2149,1,1,4,1,0,1,0,29,0,0,1,1,1,0,1,0
0,15,1,0,3812,0,0,1,0,0,4,1,23,0,1,1,1,1,1,1,1
0,11,0,1,1154,0,0,4,0,0,4,0,57,0,1,3,0,1,0,1,1
1,12,1,0,1657,1,1,2,1,0,2,0,27,0,1,1,1,1,0,1,1
1,24,1,1,1603,1,0,4,0,0,4,1,55,0,1,1,1,1,0,1,1
1,18,0,0,5302,1,0,2,1,0,4,0,36,0,0,3,0,1,1,1,1
0,12,0,0,2748,1,0,2,0,0,4,0,57,1,0,3,0,1,0,1,1
0,10,0,0,1231,1,0,3,1,0,4,0,32,0,1,2,0,2,0,0,1
1,15,1,1,802,1,0,4,1,0,3,1,37,0,1,1,1,2,0,1,0
0,36,0,0,6304,0,0,4,1,0,4,0,36,0,1,2,1,1,0,1,1
0,24,1,1,1533,1,0,4,0,0,3,1,38,1,1,1,1,1,1,1,1
1,14,1,0,8978,1,0,1,1,0,4,0,45,0,1,1,0,1,1,0,0
0,24,1,1,999,0,0,4,1,0,2,1,25,0,1,2,1,1,0,1,1
0,18,1,0,2662,0,0,4,1,0,3,0,32,0,1,1,1,1,0,0,1
0,12,0,0,1402,0,0,3,0,0,4,1,37,0,0,1,1,1,1,1,1
1,48,0,0,12169,0,0,4,1,1,4,0,36,0,0,1,0,1,1,1,1
1,48,1,1,3060,1,0,4,1,0,4,0,28,0,1,2,1,1,0,1,0
1,30,1,0,11998,1,0,1,1,0,1,0,34,0,1,1,0,1,1,1,0
0,9,1,1,2697,1,1,1,1,0,2,0,32,0,1,1,1,2,0,1,1
0,18,0,1,2404,1,1,2,0,0,2,1,26,0,1,2,1,1,0,1,1
1,12,1,0,1262,0,0,2,1,0,4,0,49,0,1,1,0,1,1,1,1
0,6,1,0,4611,1,0,1,0,0,4,0,32,0,1,1,1,1,0,1,0
0,24,1,1,1901,0,1,4,1,0,4,1,29,0,0,1,0,1,1,1,1
0,15,0,0,3368,0,0,3,1,0,4,0,23,0,0,2,1,1,1,1,1
0,12,1,0,1574,1,1,4,1,0,2,0,50,0,1,1,1,1,0,1,1
1,18,0,1,1445,0,0,4,1,0,4,1,49,1,1,1,0,1,0,1,1
0,15,0,0,1520,0,0,4,1,0,4,0,63,0,1,1,1,1,0,1,1
1,24,0,0,3878,0,0,4,1,0,2,1,37,0,1,1,1,1,1,1,1
1,47,1,0,10722,1,0,1,0,0,1,0,35,0,1,1,0,1,1,1,1
1,48,1,0,4788,1,0,4,1,0,3,0,26,0,1,1,1,2,0,1,1
1,48,0,0,7582,0,0,2,1,0,4,0,31,0,0,1,0,1,1,1,1
1,12,1,1,1092,1,1,4,0,1,4,0,49,0,1,2,1,1,1,1,1
1,24,0,1,1024,1,0,4,1,0,4,0,48,1,1,1,1,1,0,1,0
0,12,1,0,1076,1,1,2,1,0,2,0,26,0,1,1,1,1,1,0,1
1,36,1,0,9398,1,0,1,1,0,4,1,28,0,0,1,0,1,1,1,0
1,24,0,0,6419,1,0,2,0,0,4,0,44,0,0,2,0,2,1,1,1
1,42,0,0,4796,1,0,4,1,0,4,0,56,0,0,1,1,1,0,1,1
0,48,0,0,7629,0,0,4,1,0,2,1,46,1,1,2,0,2,0,1,1
1,48,1,0,9960,1,0,1,0,0,2,1,26,0,1,1,1,1,1,1,0
0,12,1,0,4675,0,0,1,0,0,4,1,20,0,0,1,1,1,0,1,1
0,10,1,0,1287,0,0,4,1,1,2,0,45,0,1,1,0,1,0,0,1
0,18,1,0,2515,1,1,3,1,0,4,0,43,0,1,1,1,1,1,1,1
1,21,0,0,2745,0,0,3,1,0,2,1,32,0,1,2,1,1,1,1,1
0,6,1,0,672,1,0,1,0,0,4,0,54,0,1,1,0,1,1,1,1
1,36,0,1,3804,1,1,4,0,0,1,1,42,0,1,1,1,1,1,1,0
1,24,0,0,1344,0,0,4,1,0,2,0,37,1,1,2,0,2,0,1,0
1,10,0,0,1038,1,0,4,1,1,3,0,49,0,1,2,1,1,1,1,1
0,48,0,0,10127,0,1,2,1,0,2,0,44,1,0,1,1,1,0,1,0
0,6,1,0,1543,0,1,4,1,0,2,0,33,0,1,1,1,1,0,1,1
0,30,1,0,4811,0,0,2,0,0,4,0,24,1,0,1,0,1,0,1,1
1,12,1,1,727,0,0,4,1,0,3,0,33,0,1,1,0,1,1,1,0
1,8,1,0,1237,1,1,3,0,0,4,0,24,0,1,1,1,1,0,1,0
1,9,1,0,276,1,1,4,1,0,4,0,22,0,0,1,0,1,0,1,1
1,48,1,0,5381,0,0,3,1,0,4,0,40,1,0,1,0,1,1,1,1
0,24,1,0,5511,0,1,4,1,0,1,1,25,1,1,1,1,1,0,1,1
1,24,1,0,3749,1,0,2,0,0,4,1,26,0,1,1,1,1,0,1,1
1,12,1,0,685,1,0,2,1,0,3,1,25,1,1,1,0,1,0,1,0
1,4,1,0,1494,0,0,1,1,0,2,0,29,0,1,1,0,2,0,0,1
1,36,0,0,2746,1,0,4,1,0,4,1,31,1,1,1,1,1,0,1,0
1,12,1,0,708,1,1,2,1,1,3,0,38,0,1,1,0,2,0,1,1
1,24,1,0,4351,0,1,1,0,0,4,0,48,0,1,1,0,1,1,1,1
0,12,0,0,701,1,1,4,1,0,2,1,32,0,1,2,1,1,0,1,1
1,15,0,0,3643,1,0,1,0,0,4,0,27,0,1,2,0,1,0,1,1
1,30,0,0,4249,1,0,4,1,0,2,1,28,0,1,2,0,1,0,1,0
1,24,1,1,1938,1,0,4,1,0,3,0,32,0,1,1,1,1,0,1,0
1,24,1,0,2910,1,0,2,1,0,1,0,34,0,0,1,0,1,1,1,1
1,18,1,0,2659,0,1,4,1,0,2,1,28,0,1,1,1,1,0,1,1
0,18,0,0,1028,1,1,4,0,0,3,0,36,0,1,2,1,1,0,1,1
1,8,0,0,3398,1,0,1,1,0,4,0,39,0,1,2,0,1,0,0,1
0,12,0,0,5801,0,0,2,1,0,4,0,49,0,0,1,1,1,1,1,1
0,24,1,0,1525,0,0,4,0,0,3,1,34,0,1,1,1,2,1,1,1
1,36,1,1,4473,1,0,4,1,0,2,1,31,0,1,1,1,1,0,1,1
1,6,1,1,1068,1,0,4,1,0,4,1,28,0,1,1,1,2,0,1,1
1,24,0,0,6615,1,0,2,1,0,4,0,75,0,0,2,0,1,1,1,1
0,18,0,0,1864,0,1,4,0,0,2,0,30,0,1,2,1,1,0,1,0
1,60,1,0,7408,0,0,4,0,0,2,0,24,0,1,1,0,1,0,1,0
0,48,0,0,11590,0,1,2,0,0,4,1,24,1,0,2,0,1,0,1,0
1,24,0,0,4110,1,0,3,1,0,4,0,23,1,0,2,1,2,0,1,0
1,6,0,0,3384,1,1,1,1,0,4,0,44,0,0,1,0,1,1,1,0
1,13,1,1,2101,1,0,2,0,1,4,0,23,0,1,1,0,1,0,1,1
1,15,1,0,1275,0,1,4,0,0,2,1,24,0,0,1,1,1,0,1,0
1,24,1,0,4169,1,1,4,1,0,4,0,28,0,1,1,1,1,0,1,1
1,10,1,0,1521,1,1,4,1,0,2,1,31,0,1,1,0,1,0,1,1
1,24,0,0,5743,1,0,2,0,0,4,0,24,0,0,2,1,1,1,1,1
1,21,1,0,3599,1,0,1,0,0,4,1,26,0,0,1,0,1,0,1,1
1,18,1,1,3213,0,0,1,1,0,3,0,25,0,0,1,1,1,0,1,1
1,18,1,0,4439,1,0,1,1,1,1,0,33,1,1,1,0,1,1,1,1
1,10,1,0,3949,1,0,1,1,1,1,0,37,0,1,1,0,2,0,1,1
0,15,0,1,1459,1,1,4,0,0,2,1,43,0,1,1,0,1,0,1,1
1,13,0,1,882,1,0,4,1,1,4,0,23,0,1,2,1,1,0,1,1
1,24,1,1,3758,0,0,1,0,0,4,0,23,0,0,1,0,1,0,1,1
0,6,0,0,1743,0,1,1,1,0,2,0,34,0,1,2,0,1,0,1,1
1,9,0,0,1136,0,0,4,1,0,3,0,32,0,0,2,1,2,0,1,0
0,9,1,0,1236,1,0,1,0,0,4,0,23,0,0,1,1,1,1,1,1
1,9,1,0,959,1,1,1,0,0,2,1,29,0,1,1,1,1,0,0,0
0,18,0,0,3229,0,0,2,1,0,4,0,38,0,1,1,0,1,1,1,1
1,12,0,1,6199,1,1,4,1,0,2,0,28,0,0,2,1,1,1,1,0
0,10,1,0,727,0,0,4,1,0,4,0,46,0,0,1,1,1,1,1,1
1,24,1,0,1246,1,0,4,1,0,2,0,23,1,1,1,0,1,0,1,0
0,12,0,1,2331,0,0,1,1,1,4,0,49,0,1,1,1,1,1,1,1
0,36,0,1,4463,1,1,4,1,0,2,1,26,0,1,2,0,1,1,1,0
0,12,1,1,776,1,1,4,1,0,2,0,28,0,1,1,1,1,0,1,1
1,30,1,0,2406,1,0,4,0,0,4,0,23,0,0,1,1,1,0,1,0
1,18,1,0,1239,0,1,4,1,0,4,0,61,0,0,1,1,1,0,1,1
1,12,1,1,3399,0,0,2,1,0,3,1,37,0,1,1,0,1,0,1,1
1,12,0,0,2247,1,1,2,0,0,2,1,36,1,1,2,1,1,1,1,1
0,6,1,0,1766,1,1,1,1,0,2,0,21,0,0,1,1,1,0,1,1
1,18,1,0,2473,1,0,4,1,0,1,1,25,0,1,1,0,1,0,1,0
0,12,1,0,1542,1,0,2,1,0,4,1,36,0,1,1,1,1,1,1,1
0,18,0,0,3850,1,0,3,1,0,1,1,27,0,1,2,1,1,0,1,1
1,18,1,0,3650,1,0,1,0,0,4,1,22,0,0,1,1,1,0,1,1
1,36,1,0,3446,1,0,4,1,0,2,1,42,0,1,1,1,2,0,1,0
1,18,1,0,3001,1,0,2,0,0,4,0,40,0,0,1,1,1,0,1,1
0,36,1,0,3079,0,1,4,1,0,4,0,36,0,1,1,1,1,0,1,1
0,18,0,1,6070,1,0,3,1,0,4,1,33,0,1,2,1,1,1,1,1
0,10,0,0,2146,1,0,1,0,0,3,0,23,0,0,2,1,1,0,1,1
0,60,0,0,13756,0,0,2,1,0,4,0,63,1,0,1,0,1,1,1,1
1,60,0,0,14782,0,0,3,0,0,4,0,60,1,0,2,0,1,1,1,0
1,48,0,0,7685,1,0,2,0,1,4,1,37,0,0,1,1,1,0,1,0
0,18,0,1,2320,1,0,2,1,0,3,0,34,0,1,2,1,1,0,1,1
0,7,0,1,846,0,0,3,1,0,4,0,36,0,0,1,1,1,0,1,1
1,36,1,0,14318,1,0,4,1,0,2,0,57,0,0,1,0,1,1,1,0
0,6,0,0,362,0,1,4,0,0,4,1,52,0,1,2,0,1,0,1,1
1,20,1,0,2212,0,0,4,1,0,4,1,39,0,1,1,1,1,1,1,1
1,18,1,0,12976,1,0,3,0,0,4,0,38,0,0,1,0,1,1,1,0
0,22,1,0,1283,0,0,4,0,0,4,0,25,0,0,1,1,1,0,1,1
1,12,1,0,1330,1,0,4,1,0,1,0,26,0,1,1,1,1,0,1,1
0,30,0,0,4272,0,1,2,1,0,2,0,26,0,1,2,0,1,0,1,1
0,18,0,1,2238,1,1,2,0,0,1,1,25,0,1,2,1,1,0,1,1
0,18,1,1,1126,0,0,4,0,0,2,0,21,0,0,1,1,1,1,1,1
1,18,0,0,7374,1,0,4,1,0,4,0,40,1,1,2,0,1,1,1,1
1,15,0,0,2326,0,1,2,1,0,4,1,27,1,1,1,1,1,0,1,1
0,9,1,0,1449,1,0,3,0,0,2,1,27,0,1,2,1,1,0,1,1
0,18,1,0,1820,1,1,2,1,0,2,0,30,0,1,1,0,1,1,1,1
1,12,1,0,983,0,0,1,0,0,4,0,19,0,0,1,0,1,0,1,1
1,36,1,0,3249,1,0,2,1,0,4,0,39,1,0,1,0,2,1,1,1
1,6,0,1,1957,1,0,1,0,0,4,1,31,0,1,1,1,1,0,1,1
0,9,0,0,2406,1,0,2,1,0,3,1,31,0,1,1,0,1,0,1,1
1,39,0,0,11760,0,0,2,1,0,3,0,32,0,0,1,1,1,1,1,1
1,12,1,0,2578,1,0,3,0,0,4,0,55,0,0,1,0,1,0,1,1
1,36,0,0,2348,1,1,3,1,0,2,0,46,0,1,2,1,1,1,1,1
1,12,1,0,1223,1,0,1,1,0,1,0,46,0,0,2,1,1,0,1,0
0,24,0,1,1516,0,1,4,0,0,1,0,43,0,1,2,0,1,0,1,1
0,18,1,1,1473,1,0,3,1,0,4,0,39,0,1,1,1,1,1,1,1
1,18,0,0,1887,0,1,4,1,0,4,0,28,1,1,2,1,1,0,1,1
0,24,0,0,8648,1,0,2,1,0,2,1,27,1,1,2,1,1,1,1,0
0,14,0,0,802,1,1,4,1,0,2,1,27,0,1,2,0,1,0,1,1
1,18,0,0,2899,0,0,4,1,0,4,1,43,0,1,1,1,2,0,1,1
1,24,1,1,2039,1,0,1,1,0,1,0,22,0,1,1,1,1,1,1,0
0,24,0,0,2197,0,0,4,1,0,4,1,43,0,1,2,1,2,1,1,1
1,15,1,1,1053,1,0,4,1,0,2,0,27,0,1,1,1,1,0,0,1
0,24,1,1,3235,0,0,3,1,0,2,1,26,0,1,1,0,1,1,1,1
1,12,0,0,939,0,0,4,1,0,2,0,28,0,1,3,1,1,1,1,0
1,24,1,1,1967,1,0,4,0,0,4,1,20,0,1,1,1,1,1,1,1
0,33,0,0,7253,1,0,3,1,0,2,1,35,0,1,2,0,1,1,1,1
0,12,0,0,2292,1,0,4,1,0,2,1,42,1,1,2,0,1,1,1,0
0,10,1,0,1597,0,1,3,1,0,2,0,40,0,0,1,0,2,0,0,1
1,24,1,0,1381,0,1,4,0,0,2,0,35,0,1,1,1,1,0,1,0
0,36,0,0,5842,1,0,2,1,0,2,0,35,0,1,2,1,2,1,1,1
1,12,1,0,2579,1,0,4,1,0,1,0,33,0,1,1,0,2,0,1,0
1,18,0,0,8471,0,1,1,0,0,2,1,23,0,0,2,1,1,1,1,1
0,21,1,0,2782,0,0,1,0,0,2,1,31,1,1,1,0,1,0,1,1
1,18,1,0,1042,0,1,4,0,0,2,0,33,0,1,1,1,1,0,1,0
0,15,1,0,3186,0,0,2,0,0,3,1,20,0,0,1,1,1,0,1,1
1,12,1,0,2028,0,1,4,1,0,2,1,30,0,1,1,1,1,0,1,1
1,12,0,0,958,1,0,2,1,0,3,0,47,0,1,2,0,2,0,1,1
0,21,0,0,1591,0,0,4,1,0,3,0,34,0,1,2,0,1,0,1,1
1,12,1,0,2762,0,0,1,0,0,2,0,25,1,1,1,1,1,1,1,0
1,18,1,0,2779,1,1,1,1,0,3,1,21,0,0,1,1,1,1,1,1
0,28,0,1,2743,1,0,4,1,0,2,1,29,0,1,2,1,1,0,1,1
0,18,0,1,1149,0,1,4,1,0,3,0,46,0,1,2,1,1,0,1,1
0,9,1,0,1313,1,0,1,1,0,4,1,20,0,1,1,1,1,0,1,1
1,18,0,0,1190,1,0,2,0,0,4,0,55,0,0,3,0,2,0,1,0
0,5,1,0,3448,1,0,1,1,0,4,0,74,0,1,1,0,1,0,1,1
1,24,1,0,11328,1,1,2,1,1,3,1,29,1,1,2,0,1,1,1,0
1,6,0,0,1872,1,0,4,1,0,4,0,36,0,0,3,0,1,1,1,1
0,24,0,0,2058,1,1,4,1,0,2,0,33,0,1,2,1,1,1,1,1
1,9,1,0,2136,1,1,3,1,0,2,0,25,0,1,1,1,1,0,1,1
1,12,1,1,1484,0,1,2,1,0,1,0,25,0,1,1,1,1,1,1,0
0,6,1,0,660,0,0,2,1,0,4,0,23,0,0,1,0,1,0,1,1
0,24,0,0,1287,0,0,4,0,0,4,0,37,0,1,2,1,1,1,1,1
1,42,0,0,3394,1,0,4,1,1,4,1,65,0,1,2,0,1,0,1,1
1,12,0,0,609,1,0,4,0,0,1,0,26,0,1,1,0,1,0,1,0
0,12,1,0,1884,1,0,4,1,0,4,1,39,0,1,1,0,1,1,1,1
1,12,1,0,1620,1,1,2,0,1,3,0,30,0,1,1,1,1,0,1,1
1,20,0,0,2629,1,1,2,1,0,3,1,29,1,1,2,1,1,1,1,1
0,12,1,0,719,1,0,4,1,0,4,1,41,1,1,1,0,2,0,1,0
1,48,0,0,5096,1,1,2,0,0,3,1,30,0,1,1,0,1,1,1,0
0,9,0,0,1244,0,0,4,0,0,4,0,41,0,0,2,0,1,0,1,1
1,36,1,0,1842,1,0,4,0,0,4,1,34,0,1,1,1,1,1,1,0
1,7,1,1,2576,1,1,2,1,1,2,0,35,0,1,1,1,1,0,1,1
1,12,1,0,1424,0,0,3,0,0,4,0,55,0,1,1,0,1,1,1,1
1,15,0,0,1512,0,1,3,1,0,3,0,61,1,1,2,1,1,0,1,0
0,36,0,0,11054,0,1,4,1,0,2,1,30,0,1,1,0,1,1,1,1
0,6,1,1,518,1,1,3,0,0,1,0,29,0,1,1,1,1,0,1,1
0,12,0,0,2759,1,0,2,1,0,4,0,34,0,1,2,1,1,0,1,1
0,24,1,0,2670,1,0,4,1,0,4,1,35,0,1,1,0,1,1,1,1
1,24,1,0,4817,1,0,2,1,1,3,0,31,0,1,1,1,1,1,1,0
0,24,1,0,2679,1,0,4,0,0,1,0,29,0,1,1,0,1,1,1,1
1,11,0,0,3905,1,1,2,1,0,2,0,36,0,0,2,1,2,0,1,1
1,12,1,0,3386,1,0,3,1,0,4,0,35,0,0,1,1,1,1,1,0
1,6,1,0,343,1,0,4,0,0,1,0,27,0,1,1,1,1,0,1,1
0,18,1,1,4594,1,0,3,1,0,2,1,32,0,1,1,1,1,1,1,1
1,36,1,0,3620,1,1,1,1,1,2,0,37,0,1,1,1,2,0,1,1
1,15,1,0,1721,1,0,2,1,0,3,0,36,0,1,1,1,1,0,1,1
1,12,1,0,3017,1,0,3,0,0,1,0,34,0,0,1,0,1,0,1,1
1,12,1,0,754,0,0,4,1,0,4,0,38,0,1,2,1,1,0,1,1
0,18,1,0,1950,1,0,4,1,0,1,1,34,1,1,2,1,1,1,1,1
1,24,1,0,2924,1,1,3,1,1,4,0,63,1,1,1,1,2,1,1,1
1,24,0,1,1659,1,0,4,0,0,2,1,29,0,0,1,0,1,1,1,0
0,48,0,1,7238,0,0,3,1,0,3,1,32,1,1,2,1,2,0,1,1
0,33,0,0,2764,1,1,2,0,0,2,1,26,0,1,2,1,1,1,1,1
0,24,0,0,4679,1,0,3,1,0,3,1,35,0,1,2,0,1,1,1,1
1,24,1,1,3092,0,0,3,1,0,2,1,22,0,0,1,1,1,1,1,0
1,6,1,0,448,1,0,4,0,0,4,0,23,0,1,1,1,1,0,1,0
1,9,1,0,654,1,1,4,1,0,3,1,28,0,1,1,0,1,0,1,0
0,6,1,0,1238,0,0,4,1,0,4,0,36,0,1,1,0,2,1,1,1
1,18,0,1,1245,1,1,4,1,0,2,1,33,0,1,1,1,1,0,1,0
1,18,0,0,3114,1,0,1,0,0,4,0,26,0,0,1,1,1,0,1,0
0,39,1,0,2569,0,1,4,1,0,4,1,24,0,1,1,1,1,0,1,1
1,24,1,1,5152,1,0,4,1,0,2,1,25,1,1,1,1,1,0,1,1
1,12,1,0,1037,0,0,3,1,0,4,0,39,0,1,1,0,1,0,1,1
1,15,0,0,1478,1,0,4,1,0,4,1,44,0,1,2,1,2,1,1,1
1,12,0,1,3573,1,1,1,0,0,1,0,23,0,1,1,0,1,0,1,1
1,24,1,0,1201,1,0,4,1,0,1,0,26,0,1,1,1,1,0,1,1
1,30,1,0,3622,0,0,4,0,0,4,0,57,0,0,2,1,1,1,1,1
0,15,0,0,960,0,0,3,0,0,2,0,30,0,1,2,1,1,0,1,1
0,12,0,0,1163,0,1,4,1,0,4,0,44,0,1,1,1,1,1,1,1
1,6,0,0,1209,1,0,4,1,0,4,0,47,0,1,1,0,1,1,1,0
0,12,1,1,3077,1,1,2,1,0,4,1,52,0,1,1,1,1,1,1,1
0,24,1,0,3757,1,0,4,0,1,4,0,62,0,0,1,1,1,1,1,1
0,10,1,0,1418,0,1,3,1,0,2,0,35,0,0,1,0,1,0,0,1
0,6,1,0,3518,1,1,2,1,1,3,0,26,0,0,1,1,1,0,1,1
0,12,0,1,1934,1,0,2,1,0,2,0,26,0,1,2,1,1,0,1,1
1,27,0,0,8318,1,0,2,0,0,4,0,42,0,0,2,0,1,1,1,0
0,6,0,1,1237,0,1,1,0,0,1,0,27,0,1,2,1,1,0,1,1
1,6,1,1,368,0,0,4,1,0,4,0,38,0,1,1,1,1,0,1,1
1,12,0,0,2122,1,1,3,1,0,2,0,39,0,0,2,0,2,0,0,1
1,24,1,0,2996,0,1,2,1,0,4,1,20,0,1,1,1,1,0,1,0
1,36,1,0,9034,0,0,4,1,1,1,0,29,0,0,1,0,1,1,1,0
0,24,0,0,1585,1,0,4,1,0,3,0,40,0,1,2,1,1,0,1,1
1,18,1,1,1301,1,0,4,1,1,2,0,32,0,1,1,0,1,0,1,1
1,6,0,0,1323,0,0,2,1,0,4,1,28,0,1,2,1,2,1,1,1
1,24,1,0,3123,1,0,4,0,0,1,0,27,0,1,1,1,1,0,1,0
1,36,1,0,5493,1,0,2,1,0,4,0,42,0,0,1,1,2,0,1,1
1,9,1,1,1126,0,0,2,1,0,4,0,49,0,1,1,1,1,0,1,1
1,24,0,1,1216,0,0,4,1,0,4,0,38,1,1,2,1,2,0,1,0
1,24,1,0,1207,1,0,4,0,0,4,0,24,0,0,1,1,1,0,1,0
0,10,1,0,1309,0,1,4,1,1,4,0,27,0,1,1,0,1,0,1,0
1,15,0,0,2360,0,1,2,1,0,2,1,36,0,1,1,1,1,1,1,1
1,15,0,0,6850,0,0,1,1,0,2,0,34,0,1,1,0,2,1,1,0
0,24,1,1,1413,1,1,4,1,0,2,0,28,0,1,1,1,1,0,1,1
0,39,1,0,8588,0,0,4,1,0,2,1,45,0,1,1,0,1,1,1,1
1,12,1,0,759,1,0,4,1,0,2,0,26,0,1,1,1,1,0,1,0
0,36,1,0,4686,1,1,2,1,0,2,0,32,0,0,1,0,1,1,1,1
1,15,1,0,2687,1,0,2,1,0,4,0,26,0,0,1,1,1,1,1,1
1,12,0,1,585,1,1,4,1,1,4,0,20,0,0,2,1,1,0,1,1
0,24,1,0,2255,0,0,4,1,0,1,0,54,0,1,1,1,1,0,1,1
1,6,0,0,609,1,0,4,0,0,3,0,37,0,1,2,1,1,0,0,1
1,6,0,0,1361,1,0,2,1,0,4,0,40,0,1,1,0,2,0,0,1
0,36,0,0,7127,1,0,2,0,0,4,0,23,0,0,2,1,1,1,1,0
1,6,1,0,1203,0,0,3,1,0,2,0,43,0,1,1,1,1,1,1,1
0,6,0,1,700,0,0,4,1,0,4,0,36,0,0,2,1,1,0,1,1
0,24,0,0,5507,1,0,3,1,0,4,0,44,0,0,2,1,1,0,1,1
1,18,1,1,3190,1,1,2,0,0,2,0,24,0,1,1,1,1,0,1,0
1,48,0,0,7119,1,1,3,1,0,4,0,53,0,0,2,1,2,0,1,0
0,24,1,0,3488,0,0,3,0,0,4,1,23,0,1,1,1,1,0,1,1
1,18,1,1,1113,1,1,4,0,1,4,0,26,0,1,1,0,2,0,1,1
1,26,1,0,7966,1,0,2,1,0,3,1,30,0,1,2,1,1,0,1,1
0,15,0,0,1532,0,1,4,0,0,3,1,31,0,1,1,1,1,0,1,1
0,4,0,1,1503,1,0,2,1,0,1,0,42,0,1,2,0,2,0,1,1
1,36,1,1,2302,1,1,4,1,0,4,1,31,0,0,1,1,1,0,1,0
1,6,1,0,662,1,0,3,1,0,4,0,41,0,1,1,0,2,1,1,1
1,36,1,0,2273,1,0,3,1,0,1,1,32,0,1,2,1,2,0,1,1
1,15,1,0,2631,0,1,2,0,0,4,1,28,0,0,2,1,1,1,1,0
0,12,0,0,1503,1,1,4,1,0,4,0,41,0,0,1,1,1,0,1,1
0,24,1,1,1311,0,0,4,1,0,3,0,26,0,1,1,1,1,1,1,1
0,24,1,1,3105,0,0,4,1,0,2,1,25,0,1,2,1,1,0,1,1
1,21,0,0,2319,1,0,2,1,0,1,1,33,0,0,1,1,1,0,1,0
1,6,1,0,1374,0,0,4,0,0,3,0,75,0,1,1,0,1,1,1,1
1,18,0,0,3612,1,0,3,0,0,4,0,37,0,1,1,1,1,1,1,1
1,48,1,0,7763,1,0,4,1,0,4,0,42,1,0,1,0,1,0,1,0
1,18,1,0,3049,1,0,1,0,0,1,0,45,1,1,1,0,1,0,1,1
1,12,1,1,1534,1,0,1,1,0,1,0,23,0,0,1,1,1,0,1,0
0,24,0,0,2032,1,0,4,1,0,4,0,60,0,0,2,1,1,1,1,1
1,30,1,0,6350,0,0,4,1,0,4,0,31,0,1,1,1,1,0,1,0
1,18,1,0,2864,1,1,2,1,0,1,0,34,0,1,1,0,2,0,1,0
0,12,0,0,1255,1,0,4,1,0,4,0,61,0,1,2,0,1,0,1,1
1,24,0,0,1333,1,0,4,1,0,2,0,43,0,0,2,1,2,0,1,0
0,24,0,0,2022,1,1,4,0,0,4,1,37,0,1,1,1,1,1,1,1
0,24,1,1,1552,1,0,3,1,0,1,1,32,1,1,1,1,2,0,1,1
1,12,0,1,626,1,1,4,0,0,4,0,24,1,1,1,0,1,0,1,0
0,48,0,0,8858,0,0,2,1,0,1,0,35,0,0,2,1,1,1,1,1
0,12,0,0,996,0,0,4,0,0,4,0,23,0,1,2,1,1,0,1,1
0,6,0,1,1750,0,0,2,1,0,4,0,45,1,1,1,0,2,0,1,1
1,48,1,1,6999,1,0,1,1,1,1,0,34,0,1,2,1,1,1,1,0
1,12,0,0,1995,0,0,4,1,0,1,1,27,0,1,1,1,1,0,1,1
1,9,1,0,1199,1,0,4,0,0,4,0,67,0,1,2,0,1,1,1,1
1,12,1,1,1331,1,0,2,1,0,1,1,22,1,1,1,1,1,0,1,0
1,18,0,0,2278,0,0,3,0,0,3,1,28,0,1,2,1,1,0,1,0
0,21,0,0,5003,0,1,1,0,0,4,0,29,1,1,2,1,1,1,1,0
1,24,0,0,3552,1,0,3,1,0,4,1,27,1,1,1,1,1,0,1,0
1,18,0,0,1928,1,0,2,1,0,2,0,31,0,1,2,0,1,0,1,0
1,24,1,0,2964,0,0,4,1,0,4,0,49,1,0,1,1,2,1,1,1
1,24,0,1,1546,1,0,4,1,1,4,1,24,1,0,1,0,1,0,1,0
1,6,0,1,683,1,0,2,0,0,1,0,29,1,1,1,1,1,0,1,1
1,36,1,0,12389,0,1,1,1,0,4,0,37,0,0,1,1,1,1,1,0
1,24,0,0,4712,0,1,4,1,0,2,0,37,1,1,2,0,1,1,1,1
1,24,0,1,1553,0,0,3,0,0,2,0,23,0,0,2,1,1,1,1,1
1,12,1,0,1372,1,0,2,1,0,3,1,36,0,1,1,1,1,0,1,0
0,24,0,1,2578,0,0,2,1,0,2,1,34,0,1,1,1,1,0,1,1
1,48,1,1,3979,0,0,4,1,0,1,1,41,0,1,2,1,2,1,1,1
1,48,1,1,6758,1,1,3,0,0,2,1,31,0,1,1,1,1,1,1,0
1,24,1,0,3234,1,0,4,0,0,4,0,23,0,0,1,0,1,1,1,0
0,30,0,1,5954,1,0,3,1,1,2,1,38,0,1,1,1,1,0,1,1
0,24,1,0,5433,0,0,2,0,0,4,0,26,0,0,1,0,1,1,1,1
1,15,1,0,806,1,1,4,0,0,4,0,22,0,1,1,0,1,0,1,1
1,9,1,1,1082,1,0,4,1,0,4,1,27,0,1,2,0,1,0,1,1
0,15,0,0,2788,1,0,2,0,1,3,1,24,1,1,2,1,1,0,1,1
1,12,1,1,2930,1,0,2,0,0,1,0,27,0,1,1,1,1,0,1,1
0,24,0,0,1927,0,1,3,0,0,2,1,33,0,1,2,1,1,1,1,1
1,36,0,0,2820,1,0,4,1,0,4,1,27,0,1,2,1,1,0,1,0
0,24,1,0,937,1,0,4,1,0,3,1,27,0,1,2,0,1,0,1,1
1,18,0,0,1056,1,0,3,1,1,3,0,30,1,1,2,1,1,0,1,0
1,12,0,0,3124,1,0,1,1,0,3,0,49,1,1,2,0,2,0,1,1
0,9,1,0,1388,1,1,4,0,0,2,0,26,0,0,1,1,1,0,1,1
1,36,1,0,2384,1,0,4,1,0,1,0,33,0,0,1,0,1,0,1,0
0,12,1,0,2133,0,0,4,0,0,4,0,52,0,0,1,0,1,1,1,1
1,18,1,0,2039,1,1,1,0,0,4,0,20,1,0,1,1,1,0,1,0
1,9,0,0,2799,1,1,2,1,0,2,0,36,0,0,2,1,2,0,1,1
1,12,1,0,1289,1,1,4,1,1,1,0,21,0,1,1,0,1,0,1,1
1,18,1,0,1217,1,1,4,1,0,3,0,47,0,1,1,0,1,1,1,0
1,12,0,0,2246,1,0,3,1,0,3,0,60,0,1,2,1,1,0,1,0
1,12,0,1,385,1,0,4,0,0,3,0,58,0,1,4,0,1,1,1,1
1,24,0,0,1965,0,1,4,0,0,4,1,42,0,0,2,1,1,1,1,1
0,21,1,0,1572,0,0,4,0,0,4,0,36,1,1,1,0,1,0,1,1
1,24,1,0,2718,1,1,3,0,0,4,0,20,0,0,1,0,1,1,1,0
1,24,0,0,1358,0,0,4,1,0,3,1,40,1,1,1,0,1,1,1,0
1,6,0,0,931,0,0,1,0,0,1,0,32,1,1,1,0,1,0,1,0
1,24,1,0,1442,1,0,4,0,0,4,1,23,0,0,2,1,1,0,1,0
1,24,0,0,4241,1,1,1,1,0,4,0,36,0,1,3,0,1,1,1,0
0,18,0,0,2775,1,0,2,1,0,2,0,31,1,1,2,1,1,0,1,0
0,24,0,0,3863,1,1,1,1,0,2,0,32,0,0,1,1,1,0,1,1
1,7,1,1,2329,1,0,1,0,1,1,0,45,0,1,1,1,1,0,1,1
1,9,1,0,918,1,1,4,0,0,1,0,30,0,1,1,1,1,0,1,0
1,24,0,0,1837,1,0,4,0,0,4,0,34,1,0,1,0,1,0,1,0
0,36,1,0,3349,1,1,4,0,0,2,1,28,0,1,1,0,1,1,1,0
1,10,1,0,1275,1,0,4,0,0,2,0,23,0,1,1,1,1,0,1,1
1,24,0,0,2828,0,1,4,1,0,4,0,22,1,1,1,1,1,1,1,1
0,24,0,0,4526,1,1,3,1,0,2,0,74,0,1,1,0,1,1,1,1
1,36,1,1,2671,0,1,4,0,1,4,0,50,0,0,1,1,1,0,1,0
0,18,1,1,2051,1,0,4,1,0,1,0,33,0,1,1,1,1,0,1,1
0,15,1,0,1300,0,0,4,1,0,4,0,45,1,0,1,1,2,0,1,1
1,12,1,0,741,0,0,4,0,0,3,0,22,0,1,1,1,1,0,1,0
1,10,1,0,1240,0,0,1,0,0,4,0,48,0,0,1,0,2,0,1,0
1,21,1,1,3357,0,0,4,0,0,2,1,29,1,1,1,1,1,0,1,1
1,24,0,0,3632,1,1,1,0,1,4,1,22,1,0,1,1,1,0,0,1
0,18,0,0,1808,1,0,4,0,0,1,0,22,0,1,1,1,1,0,1,0
1,48,0,0,12204,0,1,2,1,0,2,1,48,1,1,1,0,1,1,1,1
1,60,0,1,9157,0,1,2,1,0,2,0,27,0,0,1,0,1,0,1,1
1,6,0,0,3676,1,1,1,1,0,3,0,37,0,0,3,1,2,0,1,1
1,30,1,0,3441,0,1,2,0,1,4,1,21,0,0,1,1,1,0,1,0
0,12,1,0,640,1,1,4,1,0,2,0,49,0,1,1,0,1,0,1,1
1,21,0,0,3652,1,0,2,1,0,3,0,27,0,1,2,1,1,0,1,1
0,18,0,0,1530,1,1,3,1,0,2,0,32,1,1,2,1,1,0,1,0
0,48,1,0,3914,0,1,4,1,0,2,0,38,1,1,1,1,1,0,1,0
1,12,1,0,1858,1,0,4,0,0,1,1,22,0,0,1,1,1,0,1,1
1,18,1,1,2600,1,1,4,1,0,4,0,65,0,0,2,1,1,0,1,0
0,15,1,1,1979,0,0,4,1,0,2,1,35,0,1,1,1,1,0,1,1
1,6,1,0,2116,1,1,2,1,0,2,0,41,0,1,1,1,1,1,1,1
1,9,0,0,1437,0,0,2,1,0,3,0,29,0,1,1,1,1,0,1,0
0,42,0,0,4042,0,1,4,1,0,4,0,36,0,1,2,1,1,1,1,1
0,9,1,0,3832,0,0,1,1,0,4,0,64,0,1,1,0,1,0,1,1
1,24,1,1,3660,1,1,2,0,0,4,1,28,0,1,1,1,1,0,1,1
1,18,0,0,1553,1,1,4,1,0,3,1,44,1,1,1,1,1,0,1,0
1,15,1,1,1444,0,0,4,1,0,1,0,23,0,1,1,1,1,0,1,1
0,9,1,0,1980,1,0,2,0,1,2,1,19,0,0,2,1,1,0,1,0
1,24,1,0,1355,1,0,3,0,0,4,1,25,0,1,1,0,1,1,1,0
0,12,1,0,1393,1,0,4,1,0,4,0,47,1,1,3,1,2,1,1,1
0,24,1,1,1376,0,0,4,0,0,1,1,28,0,1,1,1,1,0,1,1
0,60,0,1,15653,1,0,2,1,0,4,1,21,0,1,2,1,1,1,1,1
0,12,1,1,1493,1,0,4,0,0,3,1,34,0,1,1,1,2,0,1,1
1,42,0,1,4370,1,0,3,1,0,2,0,26,1,1,2,1,2,1,1,0
1,18,1,0,750,1,0,4,0,0,1,0,27,0,1,1,0,1,0,1,0
1,15,1,0,1308,1,0,4,1,0,4,1,38,0,1,2,0,1,0,1,1
0,15,1,0,4623,0,1,3,1,0,2,0,40,0,1,1,0,1,1,1,0
0,24,0,1,1851,1,0,4,1,1,2,1,33,0,1,2,1,1,1,1,1
1,18,0,1,1880,1,0,4,1,0,1,0,32,0,1,2,0,1,1,1,1
0,36,0,0,7980,0,0,4,1,0,4,1,27,0,0,2,1,1,1,1,0
1,30,0,0,4583,1,1,2,1,1,2,0,32,0,1,2,1,1,0,1,1
0,12,1,0,1386,0,1,2,0,0,2,0,26,0,1,1,1,1,0,1,0
1,24,1,0,947,1,0,4,1,0,3,0,38,1,0,1,1,2,0,1,0
1,12,1,0,684,1,1,4,1,0,4,1,40,0,0,1,0,2,0,1,0
1,48,1,0,7476,1,0,4,1,0,1,0,50,0,0,1,0,1,1,1,1
1,12,1,0,1922,1,1,4,1,0,2,0,37,0,1,1,0,1,0,1,0
1,24,1,0,2303,1,0,4,1,1,1,0,45,0,1,1,1,1,0,1,0
1,36,0,0,8086,0,0,2,1,0,4,1,42,0,1,4,0,1,1,1,0
0,24,0,0,2346,1,0,4,1,0,3,1,35,0,1,2,1,1,1,1,1
1,14,1,0,3973,1,0,1,1,0,4,0,22,0,0,1,1,1,0,1,1
1,12,1,0,888,1,0,4,1,0,4,1,41,1,1,1,0,2,0,1,0
0,48,1,1,10222,0,0,4,1,0,3,1,37,1,1,1,1,1,1,1,1
1,30,0,0,4221,1,1,2,0,0,1,1,28,0,1,2,1,1,0,1,1
1,18,0,0,6361,1,0,2,1,0,1,0,41,0,1,1,1,1,1,1,1
1,12,1,1,1297,1,1,3,1,0,4,0,23,0,0,1,1,1,0,1,1
1,12,1,0,900,0,1,4,1,0,2,1,23,0,1,1,1,1,0,1,0
0,21,1,0,2241,1,0,4,1,0,2,0,50,0,1,2,1,1,0,1,1
1,6,0,0,1050,1,0,4,1,0,1,0,35,1,1,2,0,1,1,1,1
1,6,0,0,1047,1,1,2,0,0,4,0,50,0,1,1,0,1,0,1,1
0,24,0,0,6314,1,0,4,1,1,2,0,27,1,1,2,0,1,1,1,1
1,30,0,0,3496,0,1,4,1,0,2,1,34,1,1,1,1,2,1,1,1
0,48,0,0,3609,1,1,1,0,0,1,0,27,1,1,1,1,1,0,1,1
1,12,0,0,4843,1,0,3,1,1,4,0,43,0,0,2,1,1,1,1,0
1,30,0,1,3017,1,0,4,1,0,4,0,47,0,1,1,1,1,0,1,1
0,24,0,0,4139,0,1,3,1,0,3,0,27,0,1,2,0,1,1,1,1
0,36,1,0,5742,0,0,2,1,0,2,1,31,0,1,2,1,1,1,1,1
0,60,1,0,10366,1,0,2,1,0,4,0,42,0,1,1,0,1,1,1,1
0,6,0,0,2080,0,1,1,1,0,2,1,24,0,1,1,1,1,0,1,1
0,21,0,0,2580,0,0,4,1,0,2,0,41,1,1,1,0,2,0,1,0
0,30,0,1,4530,1,0,4,0,0,4,1,26,0,0,1,0,1,1,1,1
0,24,0,0,5150,1,0,4,1,0,4,1,33,0,1,1,1,1,1,1,1
1,72,1,1,5595,0,1,2,1,0,2,1,24,0,1,1,1,1,0,1,0
1,24,1,1,2384,1,0,4,1,0,4,0,64,1,0,1,0,1,0,1,1
0,18,1,1,1453,1,0,3,0,0,1,0,26,0,1,1,1,1,0,1,1
0,6,1,0,1538,1,0,1,0,0,2,0,56,0,1,1,1,1,0,1,1
0,12,1,1,2279,0,1,4,1,0,4,0,37,0,0,1,1,1,1,1,1
0,15,0,1,1478,1,1,4,1,0,3,0,33,1,1,2,1,1,0,1,1
0,24,0,1,5103,1,0,3,1,0,3,0,47,0,0,3,1,1,1,1,1
1,36,0,0,9857,0,0,1,1,0,3,0,31,0,1,2,0,2,1,1,1
0,60,1,0,6527,0,1,4,1,0,4,0,34,0,0,1,1,2,1,1,1
1,10,0,1,1347,0,0,4,1,0,2,0,27,0,1,2,1,1,1,1,1
1,36,0,0,2862,0,0,4,1,0,3,0,30,0,0,1,1,1,0,1,1
0,9,1,1,2753,0,0,3,1,1,4,1,35,0,1,1,1,1,1,1,1
1,12,1,0,3651,0,1,1,1,0,3,0,31,0,1,1,1,2,0,1,1
1,15,0,0,975,1,1,2,1,0,3,0,25,0,1,2,1,1,0,1,1
1,15,1,0,2631,0,1,3,0,0,2,0,25,0,1,1,0,1,0,1,1
1,24,1,1,2896,0,0,2,1,0,1,1,29,0,1,1,1,1,0,1,1
1,6,0,0,4716,0,0,1,1,0,3,0,44,0,1,2,0,2,0,1,1
0,24,1,1,2284,1,0,4,1,0,2,1,28,0,1,1,1,1,1,1,1
0,6,1,0,1236,0,1,2,1,0,4,0,50,0,0,1,1,1,0,1,1
1,12,1,1,1103,1,0,4,1,1,3,0,29,0,1,2,1,1,0,0,1
0,12,0,0,926,1,0,1,0,0,2,0,38,0,1,1,0,1,0,1,1
0,18,0,1,1800,1,1,4,1,0,2,1,24,0,1,2,1,1,0,1,1
1,15,1,0,1905,1,0,4,1,0,4,1,40,0,0,1,0,1,1,1,1
0,12,1,0,1123,0,1,4,0,0,4,1,29,0,0,1,0,1,0,1,0
1,48,0,0,6331,1,0,4,1,0,4,0,46,0,0,2,1,1,1,1,0
1,24,1,1,1377,0,0,4,0,0,2,0,47,0,0,1,1,1,1,1,1
1,30,0,0,2503,0,0,4,1,0,2,0,41,1,1,2,1,1,0,1,1
1,27,1,0,2528,1,0,4,0,0,1,0,32,0,1,1,1,2,1,1,1
0,15,1,0,5324,0,0,1,0,0,4,0,35,0,0,1,1,1,0,1,1
1,48,1,0,6560,0,0,3,1,0,2,0,24,0,1,1,1,1,0,1,0
1,12,0,0,2969,1,0,4,0,0,3,0,25,0,0,2,1,1,0,1,0
1,9,1,1,1206,1,0,4,0,0,4,0,25,0,1,1,1,1,0,1,1
1,9,1,1,2118,1,1,2,1,0,2,0,37,0,1,1,0,2,0,1,1
0,18,0,1,629,0,0,4,1,0,3,0,32,1,1,2,0,1,1,1,1
1,6,0,0,1198,1,0,4,0,0,4,0,35,0,0,1,1,1,0,1,0
0,21,1,0,2476,0,0,4,1,0,4,0,46,0,1,1,0,1,1,1,1
1,9,0,1,1138,1,1,4,1,0,4,0,25,0,1,2,0,1,0,1,1
1,60,1,0,14027,1,0,4,1,0,2,0,27,0,1,1,0,1,1,1,0
0,30,0,0,7596,0,0,1,1,0,4,1,63,0,1,2,1,1,0,1,1
0,30,0,1,3077,0,0,3,1,0,2,1,40,0,1,2,1,2,1,1,1
0,18,1,1,1505,1,1,4,1,0,2,0,32,0,0,1,0,1,1,1,1
1,24,0,1,3148,0,1,3,1,0,2,1,31,0,1,2,1,1,1,1,1
1,20,0,0,6148,0,0,3,1,0,4,1,31,1,1,2,1,1,1,1,1
1,9,0,1,1337,1,0,4,1,0,2,1,34,0,1,2,0,1,1,1,0
1,6,0,0,433,0,0,4,0,0,2,0,24,1,0,1,1,2,0,1,0
1,12,1,0,1228,1,1,4,0,0,2,0,24,0,1,1,0,1,0,1,0
1,9,1,1,790,0,1,4,0,0,3,0,66,0,1,1,0,1,0,1,1
0,27,1,0,2570,1,1,3,0,0,3,0,21,0,0,1,1,1,0,1,0
0,6,0,0,250,0,1,2,0,0,2,0,41,1,1,2,0,1,0,1,1
0,15,0,1,1316,0,1,2,1,0,2,0,47,0,1,2,0,1,0,1,1
1,18,1,1,1882,1,1,4,0,0,4,1,25,1,0,2,1,1,0,1,0
1,48,0,0,6416,1,0,4,0,0,3,0,59,0,0,1,1,1,0,1,0
1,24,0,0,1275,0,1,2,1,0,4,0,36,0,1,2,1,1,1,1,1
1,24,0,1,6403,1,0,1,1,0,2,1,33,0,1,1,1,1,0,1,1
1,24,1,1,1987,1,1,2,1,0,4,0,21,0,0,1,0,2,0,1,0
1,8,1,1,760,1,0,4,0,1,2,0,44,0,1,1,0,1,0,1,1
0,24,1,0,2603,0,1,2,0,0,4,1,28,0,0,1,1,1,1,1,1
0,4,0,0,3380,1,0,1,0,0,1,0,37,0,1,1,1,2,0,1,1
1,36,0,0,3990,0,0,3,0,0,2,0,29,1,1,1,0,1,0,1,1
1,24,1,0,11560,1,1,1,0,0,4,1,23,0,0,2,0,1,0,1,0
1,18,1,0,4380,0,1,3,1,0,4,1,35,0,1,1,0,2,1,1,1
0,6,0,0,6761,1,0,1,1,0,3,0,45,0,1,2,0,2,1,1,1
1,30,0,0,4280,0,1,4,0,0,4,1,26,0,0,2,0,1,0,1,0
1,24,0,0,2325,0,0,2,1,0,3,1,32,1,1,1,1,1,0,1,1
1,10,0,1,1048,1,1,4,1,0,4,0,23,1,1,1,0,1,0,1,1
0,21,1,1,3160,0,0,4,1,0,3,0,41,0,1,1,1,1,1,1,1
1,24,0,0,2483,0,1,4,1,0,4,0,22,1,1,1,1,1,1,1,1
1,39,0,0,14179,0,0,4,1,0,4,0,30,0,1,2,0,1,1,1,1
1,13,0,0,1797,1,0,3,1,0,1,0,28,1,1,2,0,1,0,1,1
1,15,1,0,2511,1,0,1,0,0,4,1,23,0,0,1,1,1,0,1,1
1,12,1,0,1274,1,0,3,0,0,1,0,37,0,1,1,0,1,0,1,0
0,21,1,0,5248,0,1,1,1,0,3,1,26,0,1,1,1,1,0,1,1
0,15,1,0,3029,1,0,2,1,0,2,1,33,0,1,1,1,1,0,1,1
1,6,1,0,428,1,0,2,0,0,1,0,49,1,1,1,1,1,1,1,1
1,18,1,0,976,1,0,1,0,0,2,1,23,0,1,1,0,1,0,1,0
1,12,1,0,841,0,0,2,0,0,4,0,23,0,0,1,0,1,0,1,1
0,30,0,1,5771,1,0,4,0,0,2,1,25,0,1,2,1,1,0,1,1
0,12,0,0,1555,0,0,4,1,0,4,0,55,0,0,2,1,2,0,1,0
1,24,1,0,1285,0,0,4,0,0,4,0,32,0,0,1,1,1,0,1,0
1,6,0,0,1299,1,1,1,1,0,1,0,74,0,1,3,0,2,0,0,1
1,15,0,1,1271,0,1,3,1,0,4,0,39,0,0,2,1,1,1,1,0
0,24,1,0,1393,1,1,2,1,1,2,0,31,0,1,1,1,1,1,1,1
1,12,0,0,691,1,0,4,1,0,3,0,35,0,1,2,1,1,0,1,0
0,15,0,0,5045,0,0,1,0,0,4,1,59,0,1,1,1,1,1,1,1
1,18,0,0,2124,1,1,4,0,0,4,0,24,0,0,2,1,1,0,1,0
1,12,1,1,2214,1,1,4,1,0,3,0,24,0,1,1,0,1,0,1,1
0,21,0,0,12680,0,0,4,1,0,4,0,30,0,0,1,0,1,1,1,0
0,24,0,0,2463,0,0,4,1,0,3,0,27,0,1,2,1,1,1,1,1
1,12,1,1,1155,1,0,3,1,1,3,0,40,1,1,2,0,1,0,1,1
1,30,1,0,3108,1,0,2,1,0,4,0,31,0,1,1,0,1,0,1,0
0,10,1,0,2901,0,0,1,0,0,4,0,31,0,0,1,1,1,0,1,1
1,12,0,0,3617,1,0,1,1,0,4,1,28,0,0,3,1,1,1,1,1
0,12,0,1,1655,1,0,2,1,0,4,0,63,0,1,2,0,1,1,1,1
1,24,1,0,2812,0,0,2,0,0,4,0,26,0,0,1,1,1,0,1,1
1,36,0,0,8065,1,1,3,0,0,2,0,25,0,1,2,0,1,1,1,0
0,21,0,0,3275,1,0,1,1,0,4,1,36,0,1,1,0,1,1,1,1
0,24,0,1,2223,0,0,4,1,0,4,0,52,1,1,2,1,1,0,1,1
1,12,0,0,1480,0,0,2,1,0,4,0,66,1,0,3,0,1,0,1,1
1,24,1,0,1371,0,1,4,0,0,4,0,25,0,0,1,1,1,0,1,0
0,36,0,0,3535,1,0,4,1,0,4,1,37,0,1,2,1,1,1,1,1
1,18,1,1,3509,1,0,4,0,1,1,0,25,0,1,1,1,1,0,1,1
0,36,0,0,5711,0,0,4,1,0,2,1,38,0,1,2,0,1,1,1,1
1,18,1,0,3872,1,0,2,0,0,4,1,67,0,1,1,1,1,1,1,1
1,39,0,1,4933,1,0,2,1,1,2,0,25,0,1,2,1,1,0,1,0
0,24,0,0,1940,0,0,4,1,0,4,0,60,0,1,1,1,1,1,1,1
1,12,0,0,1410,1,1,2,1,0,2,0,31,0,1,1,0,1,1,1,1
1,12,1,0,836,0,0,4,0,0,2,0,23,1,1,1,0,1,0,1,0
1,20,1,0,6468,0,0,1,1,0,4,0,60,0,1,1,0,1,1,1,1
1,18,1,0,1941,0,1,4,1,0,2,0,35,0,1,1,0,1,1,1,1
0,22,1,1,2675,0,0,3,1,0,4,1,40,0,1,1,1,1,0,1,1
0,48,0,0,2751,0,0,4,1,0,3,1,38,0,1,2,1,2,1,1,1
1,48,0,0,6224,1,0,4,1,0,4,0,50,0,0,1,1,1,0,1,0
1,40,0,0,5998,1,1,4,1,0,3,0,27,1,1,1,1,1,1,1,0
1,21,1,0,1188,1,0,2,0,0,4,0,39,0,1,1,1,2,0,1,0
0,24,1,0,6313,0,0,3,1,0,4,1,41,0,1,1,0,2,1,1,1
0,6,0,0,1221,0,1,1,1,0,2,0,27,0,1,2,1,1,0,1,1
1,24,1,0,2892,1,0,3,1,0,4,0,51,0,0,1,1,1,0,1,1
0,24,1,0,3062,0,0,4,1,0,3,0,32,0,0,1,1,1,1,1,1
0,9,1,0,2301,0,0,2,0,0,4,0,22,0,0,1,1,1,0,1,1
1,18,1,0,7511,0,0,1,1,0,4,0,51,0,0,1,1,2,1,1,0
0,12,0,0,1258,1,0,2,0,0,4,0,22,0,0,2,0,1,0,1,1
0,24,0,0,717,0,0,4,1,0,4,1,54,0,1,2,1,1,1,1,1
1,9,1,0,1549,0,0,4,1,0,2,0,35,0,1,1,0,1,0,1,1
0,24,0,0,1597,1,0,4,1,0,4,0,54,0,0,2,1,2,0,1,1
1,18,0,1,1795,1,0,3,0,1,4,0,48,1,0,2,0,1,1,1,1
1,20,0,0,4272,1,0,1,0,0,4,0,24,0,1,2,1,1,0,1,1
0,12,0,1,976,0,0,4,1,0,4,1,35,0,1,2,1,1,0,1,1
1,12,1,0,7472,0,0,1,0,0,2,0,24,0,0,1,0,1,0,1,1
1,36,1,0,9271,1,0,2,1,0,1,1,24,0,1,1,1,1,1,1,0
1,6,1,1,590,1,0,3,1,0,3,0,26,0,1,1,0,1,0,0,1
0,12,0,1,930,0,0,4,1,0,4,0,65,0,1,4,1,1,0,1,1
1,42,0,0,9283,1,0,1,1,0,2,0,55,1,0,1,0,1,1,1,1
1,15,0,0,1778,1,0,2,0,0,1,0,26,0,0,2,0,1,0,1,0
1,8,1,0,907,1,0,3,1,0,2,0,26,0,1,1,1,1,1,1,1
1,6,1,1,484,1,0,3,1,1,3,0,28,1,1,1,0,1,0,1,1
1,36,0,0,9629,1,0,4,1,0,4,1,24,0,1,2,1,1,1,1,0
1,48,1,0,3051,1,1,3,1,0,4,1,54,0,1,1,1,1,0,1,0
1,48,1,0,3931,1,0,4,1,0,4,0,46,0,0,1,1,2,0,1,0
1,36,0,0,7432,1,1,2,0,0,2,0,54,0,0,1,1,1,0,1,1
0,6,1,0,1338,0,1,1,1,0,4,0,62,0,1,1,1,1,0,1,1
0,6,0,1,1554,1,0,1,0,0,2,1,24,0,0,2,1,1,1,1,1
1,36,1,0,15857,1,0,2,1,1,3,1,43,0,1,1,0,1,0,1,1
1,18,1,1,1345,1,1,4,1,0,3,0,26,1,1,1,1,1,0,1,0
0,12,1,0,1101,1,1,3,1,0,2,0,27,0,1,2,1,1,1,1,1
1,12,1,1,3016,1,1,3,1,0,1,1,24,0,1,1,1,1,0,1,1
1,36,1,0,2712,1,0,2,1,0,2,0,41,1,1,1,1,2,0,1,0
1,8,0,0,731,1,0,4,1,0,4,0,47,0,1,2,0,1,0,1,1
0,18,0,0,3780,1,0,3,1,0,2,1,35,0,1,2,0,1,1,1,1
1,21,0,0,1602,1,0,4,1,0,3,1,30,0,1,2,1,1,1,1,1
1,18,0,0,3966,1,0,1,0,0,4,0,33,1,0,3,1,1,1,1,0
0,18,0,0,4165,1,1,2,1,0,2,1,36,1,1,2,1,2,0,1,0
1,36,1,0,8335,0,0,3,1,0,4,0,47,0,0,1,1,1,0,1,0
1,48,0,0,6681,0,1,4,1,0,4,0,38,0,0,1,1,2,1,1,1
0,24,0,0,2375,0,1,4,1,0,2,1,44,0,1,2,1,2,1,1,1
1,18,1,0,1216,1,0,4,0,0,3,1,23,0,0,1,1,1,1,1,0
1,45,0,0,11816,1,0,2,1,0,4,1,29,0,0,2,1,1,0,1,0
1,24,1,1,5084,0,0,2,0,0,4,1,42,0,1,1,1,1,1,1,1
1,15,1,1,2327,1,0,2,0,0,3,0,25,0,1,1,0,1,0,1,0
1,12,0,0,1082,1,1,4,1,0,4,1,48,1,1,2,1,1,0,1,0
0,12,1,1,886,0,1,4,0,0,2,1,21,0,1,1,1,1,0,1,1
0,4,1,0,601,1,0,1,0,0,3,0,23,0,0,1,0,2,0,1,1
1,24,0,0,2957,1,0,4,1,0,4,0,63,0,1,2,1,1,1,1,1
0,24,0,1,2611,1,0,4,1,1,3,0,46,0,1,2,1,1,0,1,1
1,36,1,0,5179,1,0,4,1,0,2,0,29,0,1,1,1,1,0,1,0
0,21,0,0,2993,1,1,3,1,0,2,0,28,1,1,2,0,1,0,1,1
0,18,1,0,1943,1,0,4,0,0,4,0,23,0,1,1,1,1,0,1,0
0,24,0,0,1559,1,0,4,1,0,4,1,50,1,1,1,1,1,1,1,1
0,18,1,0,3422,1,0,4,1,0,4,0,47,1,1,3,1,2,1,1,1
1,21,1,0,3976,0,0,2,1,0,3,1,35,0,1,1,1,1,1,1,1
0,18,1,0,6761,0,1,2,1,0,4,1,68,0,0,2,1,1,0,1,0
0,24,1,0,1249,1,0,4,1,0,2,0,28,0,1,1,1,1,0,1,1
1,9,1,1,1364,1,0,3,1,0,4,0,59,0,1,1,1,1,0,1,1
1,12,1,1,709,1,0,4,1,0,4,0,57,1,1,1,0,1,0,1,0
1,20,0,0,2235,1,1,4,1,1,2,0,33,1,0,2,1,1,0,0,0
0,24,0,0,4042,0,0,3,1,0,4,0,43,0,1,2,1,1,1,1,1
0,15,0,1,1471,1,1,4,1,0,4,0,35,0,0,2,1,1,1,1,1
1,18,0,0,1442,1,0,4,1,0,4,0,32,0,0,2,0,2,0,1,0
0,36,0,0,10875,1,0,2,1,0,2,1,45,0,1,2,1,2,1,1,1
0,24,1,0,1474,0,0,4,1,0,3,0,33,0,1,1,1,1,1,1,1
0,10,1,0,894,0,0,4,0,0,3,0,40,0,1,1,1,1,1,1,1
0,15,0,0,3343,1,1,4,1,0,2,0,28,0,0,1,1,1,1,1,1
1,15,1,0,3959,1,1,3,0,0,2,0,29,0,1,1,1,1,1,1,0
0,9,1,0,3577,0,1,1,1,1,2,0,26,0,0,1,1,2,0,0,1
0,24,0,0,5804,0,1,4,1,0,2,0,27,0,1,2,1,1,0,1,1
0,18,0,0,2169,1,1,4,1,0,2,1,28,0,1,1,1,1,1,1,0
1,24,1,1,2439,1,0,4,0,0,4,0,35,0,1,1,1,1,1,1,0
0,27,0,0,4526,0,0,4,1,0,2,0,32,1,1,2,0,2,1,1,1
0,10,1,0,2210,1,1,2,1,0,2,0,25,1,0,1,0,1,0,1,0
0,15,1,0,2221,0,1,2,0,0,4,1,20,0,0,1,1,1,0,1,1
1,18,1,1,2389,1,0,4,0,0,1,1,27,1,1,1,1,1,0,1,1
0,12,0,0,3331,1,0,2,1,0,4,0,42,1,1,1,1,1,0,1,1
0,36,1,0,7409,0,0,3,1,0,2,0,37,0,1,2,1,1,0,1,1
1,12,1,0,652,1,0,4,0,0,4,0,24,0,0,1,1,1,0,1,1
0,36,0,0,7678,0,0,2,0,0,4,1,40,0,1,2,1,1,1,1,1
1,6,0,0,1343,1,0,1,1,0,4,0,46,0,1,2,1,2,0,0,1
1,24,0,0,1382,0,0,4,1,0,1,0,26,0,1,2,1,1,1,1,1
0,15,1,0,874,0,0,4,0,0,1,0,24,0,1,1,1,1,0,1,1
1,12,1,0,3590,1,1,2,1,1,2,0,29,0,1,1,0,2,0,1,1
1,11,0,0,1322,0,1,4,0,0,4,1,40,0,1,2,1,1,0,1,1
1,18,0,1,1940,1,0,3,1,1,4,0,36,1,0,1,0,1,1,1,1
0,36,1,1,3595,1,0,4,1,0,2,1,28,0,1,1,1,1,0,1,1
1,9,1,0,1422,1,0,3,1,0,2,0,27,0,0,1,0,1,1,1,0
0,30,0,1,6742,0,0,2,1,0,3,0,36,0,1,2,1,1,0,1,1
0,24,1,0,7814,1,0,3,1,0,3,1,38,0,1,1,0,1,1,1,1
0,24,1,0,9277,0,1,2,1,0,4,0,48,0,0,1,1,1,1,1,1
1,30,0,0,2181,0,0,4,1,0,4,0,36,0,1,2,1,1,0,1,1
0,18,0,1,1098,1,0,4,0,0,4,1,65,0,1,2,0,1,0,1,1
1,24,1,0,4057,1,0,3,1,0,3,1,43,0,1,1,1,1,1,1,0
1,12,1,0,795,1,0,4,0,0,4,0,53,0,1,1,1,1,0,1,0
1,24,0,0,2825,0,0,4,1,0,3,0,34,0,1,2,1,2,1,1,1
1,48,1,0,15672,1,1,2,1,0,2,1,23,0,1,1,1,1,1,1,0
0,36,0,0,6614,1,0,4,1,0,4,1,34,0,1,2,0,1,1,1,1
0,28,0,0,7824,0,0,3,1,1,4,0,40,1,0,2,1,2,1,1,1
1,27,0,0,2442,1,0,4,1,0,4,1,43,1,1,4,0,2,1,1,1
0,15,0,1,1829,1,0,4,1,0,4,1,46,0,1,2,1,1,1,1,1
1,12,0,0,2171,1,1,4,1,0,4,0,38,1,1,2,0,1,0,0,1
1,36,0,0,5800,1,1,3,1,0,4,1,34,0,1,2,1,1,1,1,1
0,18,0,1,1169,0,1,4,1,0,3,0,29,0,1,2,1,1,1,1,1
0,36,0,0,8947,0,0,3,1,0,2,1,31,1,1,1,0,2,1,1,1
1,21,1,1,2606,1,0,4,0,0,4,0,28,0,0,1,0,1,1,1,1
0,12,0,0,1592,0,0,3,0,0,2,0,35,0,1,1,1,1,0,0,1
0,15,1,0,2186,0,0,1,0,0,4,0,33,1,0,1,0,1,0,1,1
1,18,1,0,4153,1,1,2,1,1,3,1,42,0,1,1,1,1,0,1,0
1,16,0,0,2625,1,0,2,1,1,4,0,43,1,0,1,1,1,1,1,0
0,20,0,0,3485,0,0,2,1,0,4,0,44,0,1,2,1,1,1,1,1
0,36,0,0,10477,0,0,2,1,0,4,0,42,0,0,2,1,1,0,1,1
0,15,1,1,1386,0,1,4,1,0,2,0,40,0,0,1,1,1,1,1,1
0,24,1,1,1278,1,0,4,1,0,1,0,36,0,1,1,0,1,1,1,1
1,12,1,1,1107,1,1,2,1,0,2,0,20,0,0,1,0,2,1,1,1
1,21,1,0,3763,0,0,2,1,1,2,0,24,0,1,1,0,1,0,0,1
1,36,1,0,3711,0,1,2,1,0,2,1,27,0,1,1,1,1,0,1,1
0,15,0,0,3594,1,0,1,0,0,2,0,46,0,1,2,0,1,0,1,1
1,9,1,0,3195,0,1,1,0,0,2,0,33,0,1,1,0,1,0,1,1
0,36,0,1,4454,1,1,4,0,0,4,0,34,0,1,2,1,1,0,1,1
1,24,0,0,4736,1,0,2,0,0,4,1,25,1,1,1,0,1,0,1,0
1,30,1,1,2991,0,0,2,0,0,4,1,25,0,1,1,1,1,0,1,1
0,11,1,0,2142,0,0,1,1,0,2,0,28,0,1,1,1,1,1,1,1
1,24,0,0,3161,1,1,4,1,0,2,0,31,0,0,1,1,1,1,1,0
1,48,0,0,18424,1,1,1,0,0,2,0,32,1,1,1,0,1,1,0,0
0,10,1,0,2848,0,1,1,1,1,2,0,32,0,1,1,1,2,0,1,1
1,6,1,0,14896,1,0,1,1,0,4,0,68,1,1,1,0,1,1,1,0
1,24,1,0,2359,0,0,1,1,0,1,0,33,0,1,1,1,1,0,1,0
1,24,1,0,3345,1,0,4,1,0,2,0,39,0,0,1,0,1,1,1,0
0,18,0,0,1817,1,1,4,0,0,2,0,28,0,1,2,1,1,0,1,1
0,48,0,1,12749,0,0,4,1,0,1,1,37,0,1,1,0,1,1,1,1
1,9,1,1,1366,1,0,3,0,0,4,0,22,0,0,1,1,1,0,1,0
1,12,1,0,2002,1,0,3,1,0,4,0,30,0,0,1,1,2,1,1,1
1,24,0,0,6872,1,0,2,1,0,1,0,55,1,1,1,1,1,1,1,0
1,12,0,0,697,1,0,4,1,0,2,1,46,1,1,2,1,1,1,1,0
1,18,0,0,1049,1,0,4,0,0,4,0,21,0,0,1,1,1,0,1,1
1,48,1,0,10297,1,0,4,1,0,4,0,39,1,0,3,1,2,1,1,0
0,30,1,1,1867,0,0,4,1,0,4,1,58,0,1,1,1,1,1,1,1
1,12,0,0,1344,1,1,4,1,0,2,0,43,0,1,2,0,2,0,1,1
1,24,1,0,1747,1,0,4,1,1,1,0,24,0,1,1,0,1,0,0,1
1,9,1,1,1670,1,0,4,0,0,2,1,22,0,1,1,1,1,1,1,0
0,9,0,0,1224,1,1,3,1,0,1,0,30,0,1,2,1,1,0,1,1
0,12,0,1,522,0,0,4,1,0,4,0,42,0,1,2,1,2,1,1,1
1,12,1,1,1498,1,1,4,0,0,1,1,23,1,1,1,1,1,0,1,1
1,30,0,1,1919,0,0,4,1,0,3,0,30,1,1,2,0,1,0,1,0
1,9,1,1,745,1,1,3,0,0,2,0,28,0,1,1,0,1,0,1,0
1,6,1,1,2063,1,0,4,1,0,3,1,30,0,0,1,0,1,1,1,1
1,60,1,0,6288,1,1,4,1,0,4,0,42,0,0,1,1,1,0,1,0
0,24,0,0,6842,0,1,2,1,0,4,0,46,0,1,2,0,2,1,1,1
0,12,1,0,3527,0,0,2,1,0,3,0,45,0,1,1,0,2,1,1,1
0,10,1,0,1546,1,1,3,1,0,2,0,31,0,1,1,0,2,0,0,1
0,24,1,0,929,0,0,4,1,0,2,1,31,1,1,1,1,1,1,1,1
0,4,0,0,1455,1,0,2,1,0,1,0,42,0,1,3,0,2,0,1,1
1,15,1,0,1845,1,0,4,0,1,1,0,46,0,0,1,1,1,0,1,1
1,48,0,0,8358,0,0,1,0,0,1,1,30,0,1,2,1,1,0,1,1
1,24,0,0,3349,0,0,4,1,0,4,0,30,0,0,1,1,2,1,1,0
0,12,1,0,2859,0,0,4,1,0,4,0,38,0,1,1,0,1,1,1,1
0,18,1,0,1533,1,0,4,1,1,1,0,43,0,1,1,0,2,0,1,0
0,24,1,1,3621,0,0,2,1,0,4,1,31,0,1,2,1,1,0,1,0
1,18,0,0,3590,1,0,3,1,0,3,1,40,0,1,3,0,2,1,1,1
1,36,0,0,2145,1,0,2,1,0,1,1,24,0,1,2,1,1,1,1,0
1,24,1,0,4113,0,0,3,0,0,4,1,28,0,0,1,1,1,0,1,0
0,36,1,0,10974,1,0,4,0,0,2,1,26,0,1,2,0,1,1,1,0
1,12,1,0,1893,1,1,4,0,1,4,0,29,0,1,1,1,1,1,1,1
1,24,0,1,1231,0,0,4,0,0,4,0,57,0,0,2,0,1,1,1,1
1,30,0,1,3656,0,0,4,1,0,4,0,49,1,1,2,0,1,0,1,1
1,9,0,1,1154,1,0,2,1,0,4,0,37,0,1,3,0,1,0,1,1
1,28,1,0,4006,1,1,3,1,0,2,1,45,0,1,1,0,1,0,1,0
1,24,1,0,3069,0,0,4,1,0,4,0,30,0,0,1,1,1,0,1,1
0,6,0,1,1740,1,0,2,1,0,2,0,30,0,0,2,1,1,0,1,1
1,21,0,0,2353,1,1,1,1,0,4,0,47,0,1,2,1,1,0,1,1
0,15,1,0,3556,0,1,3,1,0,2,0,29,0,1,1,1,1,0,1,1
0,24,1,1,2397,0,0,3,1,0,2,1,35,1,1,2,1,1,1,1,0
1,6,1,0,454,1,0,3,1,0,1,0,22,0,1,1,0,1,0,1,1
1,30,1,1,1715,0,1,4,0,0,1,1,26,0,1,1,1,1,0,1,1
1,27,0,1,2520,0,1,4,1,0,2,0,23,0,1,2,0,1,0,1,0
0,15,1,1,3568,1,0,4,0,0,2,1,54,1,0,1,0,1,1,1,1
0,42,1,1,7166,0,0,2,1,0,4,0,29,0,0,1,1,1,1,1,1
1,11,0,0,3939,1,1,1,1,0,2,0,40,0,1,2,0,2,0,1,1
1,15,1,0,1514,0,1,4,1,1,2,0,22,0,1,1,1,1,0,1,1
0,24,1,0,7393,1,1,1,1,0,4,0,43,0,1,1,0,2,0,1,1
1,24,0,0,1193,1,0,1,0,1,4,0,29,0,0,2,0,1,0,1,0
1,60,1,0,7297,1,0,4,1,1,4,0,36,0,0,1,1,1,0,1,0
0,30,0,1,2831,1,1,4,0,0,2,1,33,0,1,1,1,1,1,1,1
1,24,1,1,1258,0,1,3,0,0,3,1,57,0,1,1,0,1,0,1,1
1,6,1,1,753,1,1,2,0,1,3,0,64,0,1,1,1,1,0,1,1
1,18,0,0,2427,0,0,4,1,0,2,0,42,0,1,2,1,1,0,1,1
0,24,0,0,2538,1,0,4,1,0,4,1,47,0,1,2,0,2,0,1,0
1,15,0,0,1264,0,1,2,1,0,2,0,25,0,0,1,1,1,0,1,0
1,30,0,0,8386,1,0,2,1,0,2,0,49,0,1,1,1,1,0,1,0
0,48,1,0,4844,1,0,3,1,0,2,1,33,1,0,1,0,1,1,1,0
1,21,1,0,2923,0,1,1,0,0,1,1,28,1,1,1,0,1,1,1,1
1,36,1,0,8229,1,1,2,1,0,2,0,26,0,1,1,1,2,0,1,0
0,24,0,0,2028,1,0,2,1,0,2,0,30,0,1,2,0,1,0,1,1
1,15,0,0,1433,1,1,4,0,0,3,0,25,0,0,2,1,1,0,1,1
1,42,0,0,6289,1,0,2,1,0,1,0,33,0,1,2,1,1,0,1,1
0,13,1,1,1409,0,0,2,0,0,4,0,64,0,1,1,1,1,0,1,1
1,24,1,0,6579,1,0,4,1,0,2,0,29,0,0,1,0,1,1,1,1
1,24,0,1,1743,1,0,4,1,0,2,0,48,0,1,2,0,1,0,1,1
0,12,0,0,3565,0,0,2,1,0,1,0,37,0,1,2,0,2,0,1,1
0,15,0,1,1569,0,0,4,1,0,4,1,34,1,1,1,0,2,0,1,1
1,18,1,1,1936,0,0,2,1,0,4,1,23,0,0,2,0,1,0,1,1
1,36,1,0,3959,1,0,4,1,0,3,0,30,0,1,1,0,1,1,1,1
0,12,1,0,2390,0,0,4,1,0,3,1,50,0,1,1,1,1,1,1,1
0,12,1,0,1736,1,0,3,0,0,4,0,31,0,1,1,0,1,0,1,1
1,30,1,0,3857,1,1,4,1,0,4,0,40,0,1,1,0,1,1,1,1
0,12,1,1,804,1,0,4,1,0,4,1,38,0,1,1,1,1,0,1,1
1,45,1,1,1845,1,1,4,1,0,4,0,23,0,0,1,1,1,1,1,0
1,45,0,0,4576,0,0,3,1,0,4,1,27,0,1,1,1,1,0,1,1
